20.4265936,42.388864
20.4265936,42.388864
20.4265936,42.388864
20.4265936,42.388864
20.4265936,42.388864
20.4265936,42.388864
20.4265936,42.388864
20.4265936,42.388864
20.4265936,42.388864
20.4265936,42.388864
20.4265936,42.388864
20.4265936,42.388864
20.4265936,42.388864
20.4265936,42.388864
20.4265936,42.388864
20.4265936,42.388864
20.4265936,42.388864
20.4265936,42.388864
20.4265936,42.388864
20.4265936,42.388864
20.4265936,42.388864
20.4265936,42.388864
20.4265936,42.388864
20.4265936,42.388864
20.4265936,42.388864
20.4265936,42.388864
20.4265936,42.388864
20.4265936,42.388864
20.4265936,42.388864
20.4265936,42.388864
20.4265936,42.388864
20.4265936,42.388864
20.4265936,42.388864
20.4265936,42.388864
20.4265936,42.388864
20.4265936,42.388864
20.4265936,42.388864
20.4265936,42.388864
20.4265936,42.388864
20.4265936,42.388864
20.4265936,42.388864
20.4265936,42.388864
20.4265936,42.388864
20.4265936,42.388864
20.4265936,42.388864
20.4265936,42.388864
20.4265936,42.388864
20.4265936,42.388864
20.4265936,42.388864
20.4265936,42.388864
20.4265936,42.388864
20.4265936,42.388864
20.4265936,42.388864
20.4265936,42.388864
20.4265936,42.388864
20.4265936,42.388864
20.4265936,42.388864
20.4265936,42.388864
20.4265936,42.388864
20.4265936,42.388864
20.4265936,42.388864
20.4265936,42.388864
20.4265936,42.388864
20.4265936,42.388864
20.4265936,42.388864
20.4265936,42.388864
20.4265936,42.388864
20.4265936,42.388864
20.4265936,42.388864
20.4265936,42.388864
20.4265936,42.388864
20.4265936,42.388864
20.4265936,42.388864
20.4265936,42.388864
20.4265936,42.388864
20.4265936,42.388864
20.4265936,42.388864
20.4265936,42.388864
20.4265936,42.388864
20.4265936,42.388864
20.4265936,42.388864
20.4265936,42.388864
20.4265936,42.388864
20.4265936,42.388864
20.4265936,42.388864
20.4265936,42.388864
20.4265936,42.388864
20.4265936,42.388864
20.4265936,42.388864
20.4265936,42.388864
20.4265936,42.388864
20.4265936,42.388864
20.4265936,42.388864
20.4265936,42.388864
20.4265936,42.388864
20.4265936,42.388864
20.4265936,42.388864
20.4265936,42.388864
20.4265936,42.388864
20.4265936,42.388864
20.4266192,42.3888352
20.4267232,42.3888256
20.426744,42.3888288
20.4267904,42.3888576
20.4267904,42.3888576
20.4269072,42.3889088
20.4269312,42.388912
20.4270816,42.3889152
20.4272704,42.3888832
20.427616,42.3887648
20.427616,42.3887648
20.427688,42.3887456
20.4277024,42.3887392
20.4277264,42.3887328
20.4277904,42.3887104
20.428208,42.3885312
20.428208,42.3885312
20.4282304,42.3885056
20.4282512,42.388496
20.4283232,42.3884512
20.4283808,42.388432
20.4283808,42.388432
20.4283808,42.388432
20.4283808,42.388432
20.42836,42.3884192
20.428384,42.3884128
20.4284112,42.3884096
20.4284784,42.3883872
20.4285504,42.3883584
20.4292752,42.3881024
20.4299824,42.3879744
20.4301504,42.3880096
20.4309024,42.3881984
20.431008,42.3882816
20.4314288,42.3885216
20.4314768,42.3885152
20.4315712,42.3884672
20.431704,42.388352
20.4322688,42.38784
20.4327968,42.3872864
20.4330208,42.3870208
20.4330368,42.3870016
20.4330688,42.3869792
20.4331184,42.3869664
20.4331776,42.3869664
20.4332352,42.3869728
20.4333408,42.387024
20.4340768,42.3873856
20.4349888,42.3877472
20.4350704,42.3878592
20.4352176,42.3880384
20.4354656,42.3881792
20.4361824,42.3885408
20.43696,42.3889728
20.437672,42.3893536
20.4381376,42.3895872
20.4384688,42.389632
20.4384688,42.389632
20.4384688,42.389632
20.4384688,42.389632
20.4384688,42.389632
20.4386752,42.3896864
20.4386976,42.3896928
20.43872,42.3897056
20.43876,42.3897568
20.4387648,42.3897824
20.4387536,42.3898176
20.438744,42.3898208
20.438744,42.3898208
20.4386944,42.389856
20.438616,42.3898496
20.4385712,42.3898368
20.438472,42.3897568
20.43772,42.3893856
20.4369312,42.3889696
20.4361952,42.3885792
20.4354384,42.388176
20.4350112,42.3879936
20.434672,42.3879232
20.4345984,42.3878432
20.4344304,42.38768
20.4336928,42.387296
20.432976,42.3868928
20.4323552,42.3864448
20.4317376,42.385984
20.4311776,42.385632
20.4311776,42.385632
20.4311776,42.385632
20.4311504,42.385616
20.43104,42.3855584
20.4302896,42.3852032
20.4296272,42.3849568
20.4288752,42.3846432
20.42856,42.3844896
20.4285376,42.3844448
20.428536,42.3843904
20.42856,42.3843456
20.4286016,42.384304
20.4286976,42.3842432
20.429376,42.3838624
20.430048,42.383456
20.4302272,42.3833088
20.4303088,42.3831712
20.4303856,42.3829408
20.4305744,42.3823136
20.4306448,42.3820128
20.4306064,42.382016
20.4306256,42.3820064
20.4305824,42.3820224
20.4305584,42.382032
20.4305424,42.382032
20.4305168,42.3820448
20.4304944,42.3820576
20.4304544,42.3820768
20.4304544,42.3820768
20.4303744,42.3820736
20.4303664,42.3820832
20.4303664,42.3820832
20.4303664,42.3820832
20.4303664,42.3820832
20.430416,42.3820192
20.430416,42.3820192
20.430416,42.3820192
20.4302944,42.3821632
20.4302944,42.3821632
20.4302944,42.3821632
20.4302944,42.3821632
20.4302944,42.3821632
20.4302944,42.3821632
20.4302944,42.3821632
20.4302944,42.3821632
20.4302944,42.3821632
20.4302944,42.3821632
20.4302944,42.3821632
20.4302944,42.3821632
20.4302944,42.3821632
20.4302944,42.3821632
20.4302944,42.3821632
20.4303856,42.3820864
20.4303856,42.3820864
20.4303856,42.3820864
20.4304464,42.382048
20.430504,42.3820352
20.430504,42.3820352
20.4305456,42.3820128
20.4305456,42.3820128
20.4305648,42.3819968
20.4305872,42.3819584
20.43064,42.3817984
20.4307744,42.3813248
20.4308688,42.3810432
20.4308848,42.3808864
20.43096,42.3802368
20.4309792,42.379584
20.431032,42.37912
20.4310976,42.3785664
20.4311824,42.3784192
20.4316032,42.3778528
20.4320272,42.3772864
20.4321216,42.3772288
20.4323616,42.3770912
20.432592,42.3770752
20.4328064,42.3771104
20.433712,42.3772128
20.4344656,42.3771712
20.4344656,42.3771712
20.4345792,42.3771616
20.4354224,42.3770368
20.4362656,42.3768832
20.4371216,42.3766752
20.437904,42.3764576
20.4387056,42.37624
20.4395616,42.3760832
20.4404176,42.375904
20.4412464,42.3757024
20.4420432,42.3754656
20.44292,42.3751648
20.4437488,42.3748864
20.4445488,42.3746112
20.4453392,42.374352
20.446144,42.3740736
20.4467968,42.3738848
20.447016,42.3738944
20.4473488,42.3739008
20.447656,42.3738944
20.4480736,42.3738656
20.4485104,42.3738592
20.448744,42.3739232
20.4492576,42.3740576
20.4496192,42.3740704
20.4500592,42.3741024
20.4503952,42.374192
20.4507984,42.3742912
20.4509952,42.3743168
20.451088,42.3742976
20.4515584,42.374128
20.4520576,42.3739744
20.4526,42.3738784
20.4531408,42.3738048
20.4541696,42.3737408
20.4546848,42.3736928
20.4550368,42.373664
20.455088,42.3736864
20.4551232,42.3737152
20.4551552,42.3737536
20.4551856,42.3738368
20.4552624,42.3740992
20.4553472,42.374128
20.4555056,42.3741376
20.4560208,42.3741152
20.4561744,42.3740736
20.4562256,42.3740352
20.456248,42.3739968
20.4562112,42.3739328
20.456176,42.3739168
20.456112,42.373904
20.4557248,42.3739008
20.4556432,42.3739296
20.4556272,42.3739456
20.4556256,42.3739712
20.4556496,42.3740096
20.4556688,42.3740192
20.4556976,42.3740352
20.4556976,42.3740352
20.4556896,42.3740192
20.455656,42.3739808
20.4556368,42.3739712
20.4555392,42.3739456
20.4555392,42.3739456
20.4555392,42.3739456
20.4555168,42.3739616
20.455536,42.3739616
20.4556576,42.3739648
20.4556752,42.373984
20.4556752,42.373984
20.4556752,42.373984
20.4556752,42.373984
20.4556752,42.373984
20.455664,42.373952
20.4556544,42.3739424
20.4556624,42.3739296
20.4556864,42.3739168
20.4557776,42.3738816
20.4558672,42.3738784
20.4561616,42.3738944
20.4562032,42.3739136
20.45624,42.3739392
20.4562576,42.3739968
20.4562416,42.374032
20.4561808,42.3740832
20.4562032,42.3740704
20.4561552,42.374096
20.456096,42.374112
20.4558416,42.3741408
20.455352,42.3741376
20.4552752,42.374112
20.4552176,42.3740704
20.455192,42.3740192
20.4551776,42.3739424
20.4551472,42.3737664
20.4550416,42.3736768
20.4549744,42.3736672
20.4548944,42.3736672
20.4543808,42.3737184
20.453984,42.3737568
20.453552,42.373792
20.4530976,42.3737984
20.452568,42.3738624
20.4521184,42.373952
20.451664,42.374064
20.4512,42.3742624
20.4510064,42.3743136
20.4509072,42.3743136
20.4506992,42.3742592
20.450288,42.3741568
20.4498832,42.3741088
20.4493168,42.3740768
20.4490944,42.3740288
20.4485248,42.373872
20.4480608,42.3738624
20.4475536,42.3739008
20.446984,42.3738752
20.446808,42.3738528
20.4467312,42.373872
20.4459376,42.3741696
20.4451232,42.3744384
20.4442672,42.3747264
20.4434464,42.3750048
20.4426416,42.3752736
20.4418576,42.3755296
20.4409824,42.3757568
20.4401552,42.3759552
20.4393216,42.37616
20.438504,42.3763232
20.4384304,42.3762816
20.4379952,42.375968
20.4379824,42.3759232
20.4379936,42.3757888
20.4381072,42.3751136
20.4382096,42.3744544
20.4383104,42.3737856
20.4384192,42.37312
20.4384448,42.3727424
20.4384176,42.3727072
20.4383312,42.3726528
20.438216,42.3726336
20.4373136,42.3725344
20.4364208,42.3724352
20.4355728,42.3723328
20.4347152,42.3722176
20.4343552,42.3721664
20.4343552,42.3721664
20.4343104,42.3721536
20.4341952,42.372128
20.4334544,42.3720064
20.4333952,42.3719648
20.4333904,42.371936
20.4333856,42.371728
20.4334064,42.3715904
20.4333968,42.3716128
20.4333968,42.3716128
20.4334064,42.3715904
20.4334064,42.3715904
20.4334064,42.3715904
20.4334064,42.3715904
20.4334064,42.3715904
20.4334064,42.3715904
20.4334064,42.3715904
20.4334064,42.3715904
20.4334064,42.3715904
20.4334064,42.3715904
20.4334064,42.3715904
20.4334064,42.3715904
20.4334064,42.3715904
20.4334064,42.3715904
20.4334064,42.3715904
20.4334064,42.3715904
20.4334064,42.3715904
20.4334064,42.3715904
20.4334064,42.3715904
20.4334064,42.3715904
20.4334064,42.3715904
20.4334064,42.3715904
20.4334064,42.3715904
20.4334064,42.3715904
20.4334064,42.3715904
20.4334064,42.3715904
20.4334176,42.3715872
20.43344,42.371552
20.43344,42.371552
20.43344,42.371552
20.43344,42.371552
20.43344,42.371552
20.4334048,42.3719488
20.4333776,42.3719456
20.4333776,42.3719456
20.434096,42.3720832
20.4347632,42.3721664
20.4356512,42.372288
20.4364992,42.372384
20.4372896,42.3724896
20.4375856,42.3725216
20.4375856,42.3725216
20.4375856,42.3725216
20.4375856,42.3725216
20.4375856,42.3725216
20.4375856,42.3725216
20.4375856,42.3725216
20.4375856,42.3725216
20.4375856,42.3725216
20.4375856,42.3725216
20.4375856,42.3725216
20.4375856,42.3725216
20.4375856,42.3725216
20.4375856,42.3725216
20.4375856,42.3725216
20.4375856,42.3725216
20.4375856,42.3725216
20.4375856,42.3725216
20.4375856,42.3725216
20.4375856,42.3725216
20.4375856,42.3725216
20.4377216,42.3725792
20.437736,42.3725824
20.4377568,42.3725888
20.4379456,42.372624
20.4386496,42.372672
20.438872,42.3727104
20.4396416,42.372784
20.44044,42.3728992
20.4404624,42.3729248
20.44048,42.37296
20.4404928,42.3731104
20.440496,42.3737664
20.4405312,42.3743104
20.4405632,42.3744064
20.4406032,42.3744224
20.4406256,42.3744224
20.440888,42.3743776
20.4411008,42.374288
20.4411232,42.3742528
20.4411232,42.3742528
20.4411232,42.3742528
20.4411232,42.3742528
20.4411232,42.3742528
20.4411232,42.3742528
20.4411232,42.3742528
20.4411232,42.3742528
20.4411232,42.3742528
20.4411232,42.3742528
20.4411232,42.3742528
20.4411232,42.3742528
20.4411232,42.3742528
20.4411232,42.3742528
20.4411232,42.3742528
20.4411232,42.3742528
20.4411552,42.3742688
20.4410992,42.3742272
20.4410656,42.3742336
20.4410736,42.37424
20.4410736,42.37424
20.4410736,42.37424
20.4410736,42.37424
20.4410736,42.37424
20.4410736,42.37424
20.4410736,42.37424
20.4410736,42.37424
20.4410736,42.37424
20.4410736,42.37424
20.4410736,42.37424
20.4410736,42.37424
20.4411616,42.3742912
20.4411376,42.3742976
20.4411088,42.3742912
20.4410928,42.374288
20.4410928,42.374288
20.4410928,42.374288
20.4410928,42.374288
20.4410928,42.374288
20.4410928,42.374288
20.4411072,42.3742688
20.4411072,42.3742688
20.4410912,42.3742784
20.4410096,42.3743424
20.4408736,42.3744096
20.4406464,42.3744736
20.4406464,42.3744736
20.4406352,42.3744864
20.4405904,42.3745216
20.440584,42.3745408
20.4405824,42.3745856
20.4405872,42.374608
20.4405664,42.3750464
20.4405856,42.3750624
20.4406512,42.3750816
20.4406864,42.3750752
20.4407536,42.3750624
20.4409248,42.3750464
20.4409968,42.375072
20.4410464,42.3751232
20.4410592,42.375152
20.4410704,42.3752128
20.4411328,42.3753696
20.4412368,42.375472
20.4413664,42.3755712
20.4413664,42.3755712
20.4413888,42.3755872
20.4414448,42.3756
20.4415152,42.3755904
20.4415456,42.3755776
20.4421008,42.3753888
20.442816,42.3751552
20.4435984,42.3748928
20.444328,42.37464
20.4451344,42.3743584
20.4459456,42.3740768
20.4467312,42.3737824
20.4468384,42.373776
20.446888,42.3737856
20.447296,42.373872
20.4477296,42.3738912
20.4481376,42.373872
20.44856,42.3738816
20.4490352,42.374
20.4498608,42.3741184
20.450304,42.3741632
20.4507584,42.3742912
20.4509408,42.3743168
20.4510416,42.3743136
20.451136,42.3742816
20.451616,42.3740768
20.4521136,42.3739424
20.452616,42.3738624
20.4531856,42.3738112
20.4536624,42.373792
20.4541264,42.3737664
20.4542096,42.3737472
20.4543152,42.3737376
20.4548016,42.3736832
20.455024,42.373664
20.4550736,42.3736832
20.4551104,42.3737152
20.455136,42.3737472
20.4551712,42.3738432
20.455256,42.3740992
20.4553984,42.3741344
20.4557584,42.3741376
20.456136,42.3740928
20.4562144,42.3740416
20.4562384,42.3740032
20.45624,42.3739616
20.4561792,42.3739136
20.4561232,42.3738976
20.4560544,42.3738912
20.4556992,42.3739008
20.4556576,42.3739136
20.4556448,42.3739296
20.4556352,42.3739456
20.4556352,42.3739648
20.4556576,42.3740032
20.4557088,42.3740352
20.4557088,42.3740352
20.4557072,42.3740224
20.4555936,42.3739584
20.4555488,42.3739456
20.4555488,42.3739456
20.4555488,42.3739456
20.4555488,42.3739456
20.4555392,42.3739328
20.4557216,42.3738976
20.4558864,42.3738752
20.4558864,42.3738752
20.4558864,42.3738752
20.4559152,42.3738784
20.4560512,42.3738816
20.4561952,42.373904
20.456232,42.3739232
20.456248,42.3739392
20.4562624,42.3739936
20.4562352,42.3740512
20.4561936,42.3740768
20.4561296,42.3740992
20.4559952,42.3741312
20.455672,42.3741632
20.455288,42.3741376
20.4552464,42.3741152
20.455216,42.37408
20.4552016,42.3740384
20.4551872,42.3739648
20.4551376,42.3737408
20.4550336,42.373664
20.4549696,42.3736576
20.4549008,42.373664
20.4545504,42.3737184
20.4541984,42.3737472
20.4538656,42.3737728
20.453512,42.3738016
20.4531328,42.3738112
20.4529216,42.3738304
20.4522224,42.3739584
20.4518608,42.374032
20.451536,42.3741376
20.4512096,42.374288
20.4510768,42.3743232
20.4509552,42.3743328
20.4508208,42.3743136
20.4504944,42.37424
20.4504208,42.3742144
20.4504208,42.3742144
20.4503808,42.3742112
20.4503664,42.3742016
20.4500368,42.3741184
20.4498576,42.3741024
20.4495056,42.374096
20.4491824,42.3740608
20.4490464,42.3740096
20.4487184,42.3738976
20.44836,42.3738368
20.4479792,42.3738656
20.4475648,42.373904
20.4472032,42.3739232
20.4469872,42.3739008
20.446752,42.3738752
20.4466672,42.3738944
20.4458688,42.3741824
20.4450688,42.3744512
20.4442592,42.37472
20.4435296,42.3749664
20.4430048,42.3751744
20.4429376,42.375248
20.4429024,42.3753344
20.4427408,42.3759712
20.4425408,42.3766144
20.4422624,42.3772384
20.4419312,42.3779296
20.4416624,42.3785312
20.4413872,42.379136
20.4410976,42.3797344
20.4407792,42.3803712
20.4404864,42.380992
20.440192,42.3816064
20.4398944,42.3822336
20.4396096,42.3828288
20.4394992,42.3830112
20.4392592,42.3833568
20.4392304,42.3833728
20.4392304,42.3833728
20.4392,42.3833888
20.439112,42.3833952
20.4390752,42.3833888
20.4390016,42.3833376
20.4383392,42.38296
20.4377968,42.382656
20.4371504,42.3822944
20.4366176,42.3820576
20.4365216,42.3820768
20.4364384,42.3821216
20.4363744,42.3821856
20.4359776,42.3827008
20.4358384,42.3827424
20.4357936,42.3827424
20.4356704,42.3827136
20.435496,42.3826592
20.435496,42.3826592
20.4354528,42.3826528
20.4349936,42.382512
20.4349504,42.3825184
20.4348304,42.3825952
20.4343152,42.3831296
20.433824,42.3836672
20.4333024,42.384112
20.4331952,42.3841504
20.4331344,42.3841504
20.4330096,42.3841312
20.4324496,42.3839456
20.4321632,42.3838432
20.4321616,42.383808
20.4321728,42.3837792
20.4322,42.383712
20.4324896,42.3831264
20.4325472,42.3830496
20.4326128,42.3830304
20.4326128,42.3830304
20.4326768,42.3830144
20.432696,42.3830208
20.4327104,42.3830272
20.4327104,42.3830272
20.4327104,42.3830272
20.4326688,42.3829984
20.4326608,42.3830176
20.432592,42.3831648
20.4323824,42.3837088
20.4322992,42.3837888
20.4322992,42.3837888
20.432224,42.3838336
20.4321968,42.3838336
20.4321392,42.3838336
20.4320624,42.383808
20.4312432,42.3835872
20.4305232,42.3833856
20.4303936,42.3833632
20.4303344,42.3833824
20.4303072,42.3834048
20.4296512,42.3838208
20.4289616,42.3842112
20.4288064,42.3842976
20.4288064,42.3842976
20.4288064,42.3842976
20.4288064,42.3842976
20.4287664,42.3843552
20.4286592,42.3844064
20.4282224,42.3847168
20.428128,42.3848672
20.4280432,42.3851744
20.4279824,42.3858112
20.4280064,42.3863872
20.4280624,42.3864224
20.4281024,42.3864288
20.428168,42.3864288
20.4281824,42.3864288
20.4281824,42.3864288
20.4282128,42.3864256
20.4283568,42.3864416
20.4285648,42.3864608
20.4285648,42.3864608
20.4285648,42.3864608
20.428688,42.3865152
20.428688,42.3865152
20.428688,42.3865152
20.428648,42.386528
20.4286304,42.3866144
20.4286304,42.3866144
20.4286256,42.38664
20.4286208,42.3866464
20.4286016,42.386672
20.4285888,42.3867008
20.4285888,42.3867008
20.4285872,42.3867296
20.4285872,42.3867296
20.4285872,42.3867296
20.4285648,42.386768
20.42856,42.3867808
20.42856,42.3867808
20.42856,42.3867808
20.42856,42.3867808
20.42856,42.3867808
20.4286016,42.3868864
20.4286,42.3869024
20.4286288,42.3869984
20.4286672,42.3870112
20.428744,42.3869856
20.428744,42.3869856
20.428744,42.3869856
20.428744,42.3869856
20.428744,42.3869856
20.428744,42.3869856
20.428744,42.3869856
20.428744,42.3869856
20.428744,42.3869856
20.428744,42.3869856
20.428744,42.3869856
20.428744,42.3869856
20.428744,42.3869856
20.428744,42.3869856
20.428744,42.3869856
20.428744,42.3869856
20.428744,42.3869856
20.428744,42.3869856
20.428744,42.3869856
20.428744,42.3869856
20.428744,42.3869856
20.428744,42.3869856
20.428744,42.3869856
20.428744,42.3869856
20.428744,42.3869856
20.428744,42.3869856
20.428744,42.3869856
20.428744,42.3869856
20.428744,42.3869856
20.428744,42.3869856
20.428744,42.3869856
20.428744,42.3869856
20.428744,42.3869856
20.428744,42.3869856
20.428744,42.3869856
20.428744,42.3869856
20.428744,42.3869856
20.428744,42.3869856
20.428744,42.3869856
20.428744,42.3869856
20.428744,42.3869856
20.428744,42.3869856
20.428744,42.3869856
20.428744,42.3869856
20.428744,42.3869856
20.428744,42.3869856
20.428744,42.3869856
20.428744,42.3869856
20.428744,42.3869856
20.428744,42.3869856
20.4285216,42.3871264
20.4285488,42.38712
20.4285712,42.387104
20.4285712,42.387104
20.4285296,42.3871168
20.4285088,42.3871232
20.4285088,42.3871232
20.4285088,42.3871232
20.4285088,42.3871232
20.4286112,42.3871232
20.4286112,42.3871232
20.4286112,42.3871232
20.4286112,42.3871232
20.4286112,42.3871232
20.4286112,42.3871232
20.4286112,42.3871232
20.4286112,42.3871232
20.4286112,42.3871232
20.4286112,42.3871232
20.4286112,42.3871232
20.4286112,42.3871232
20.4286112,42.3871232
20.4286112,42.3871232
20.4286112,42.3871232
20.4286112,42.3871232
20.4286112,42.3871232
20.4286112,42.3871232
20.4286112,42.3871232
20.4285424,42.3869984
20.4285408,42.3869856
20.4285392,42.3869792
20.4285392,42.3869792
20.4285392,42.3869792
20.4286944,42.3869184
20.428688,42.3869056
20.4286768,42.3868608
20.4286896,42.3868416
20.428696,42.386832
20.428696,42.386832
20.428696,42.386832
20.428696,42.386832
20.4286672,42.386496
20.42868,42.3864896
20.4287184,42.3864896
20.428744,42.3864928
20.4287664,42.3865056
20.428952,42.3865728
20.429432,42.3867712
20.4298912,42.3869632
20.4302,42.387136
20.4306144,42.3874656
20.4311216,42.3877984
20.4314544,42.3879616
20.4314544,42.3879616
20.4315088,42.3879936
20.43152,42.3880032
20.4315584,42.388032
20.4315696,42.3880448
20.4318176,42.3881888
20.4318176,42.3881888
20.4318592,42.3881952
20.4318784,42.3881952
20.4319024,42.388192
20.431928,42.3881824
20.431968,42.38816
20.4321216,42.3880096
20.4323648,42.3877312
20.432384,42.3877056
20.4324,42.3876928
20.4328192,42.387248
20.4329776,42.3870816
20.4329776,42.3870816
20.433,42.3870656
20.433088,42.3869792
20.4331536,42.3869504
20.4331936,42.3869504
20.4332336,42.38696
20.4332736,42.3869696
20.4335136,42.3870912
20.4342192,42.3874624
20.4346288,42.3876416
20.434792,42.3876544
20.4349392,42.387616
20.4350224,42.3875616
20.4354688,42.3870912
20.435984,42.3865632
20.4364608,42.3860512
20.4369488,42.3855232
20.4374064,42.3850464
20.4379392,42.384544
20.4385344,42.3840448
20.43904,42.3834912
20.4393856,42.3828864
20.4396784,42.3822848
20.439984,42.3816672
20.4402624,42.3811008
20.4405456,42.3805056
20.4407936,42.3798976
20.4411264,42.3792768
20.4414208,42.3786816
20.441736,42.3780512
20.442032,42.3774208
20.4423184,42.3768224
20.4425568,42.376176
20.4426448,42.375792
20.4427216,42.375424
20.442728,42.3753824
20.442728,42.3753824
20.442728,42.3753824
20.4427344,42.3753312
20.442736,42.3753088
20.4427552,42.3752544
20.4427984,42.3752096
20.4428736,42.3751744
20.4435648,42.374944
20.4443664,42.374672
20.44516,42.3744064
20.4459712,42.3741312
20.4467072,42.3738624
20.4467872,42.3738656
20.4472,42.3739136
20.4474912,42.3739104
20.4477888,42.3738976
20.448112,42.3738784
20.4483952,42.3738752
20.4486352,42.3739136
20.4489504,42.3740096
20.4491952,42.3740704
20.4495456,42.3740896
20.4499152,42.3741088
20.4500288,42.374112
20.4503472,42.3741984
20.45068,42.3742816
20.4509232,42.3743232
20.4510672,42.3743104
20.4514336,42.374176
20.4517696,42.3740544
20.4520896,42.3739744
20.4524768,42.373904
20.4528464,42.37384
20.4532192,42.3738176
20.4535792,42.3738112
20.4539472,42.3737728
20.4543088,42.3737344
20.4547056,42.373696
20.4550432,42.3736672
20.455112,42.3737216
20.4551504,42.3737984
20.4551824,42.3739168
20.4551824,42.3739424
20.4551824,42.3739424
20.4551824,42.3739424
20.4551824,42.3739424
20.4551824,42.3739424
20.4551984,42.373984
20.4552128,42.3740544
20.4552128,42.3740544
20.4552128,42.3740544
20.4552128,42.3740544
20.4552608,42.374112
20.4553296,42.3741408
20.4554,42.3741568
20.4557312,42.3741536
20.4561344,42.3741024
20.4562112,42.374064
20.45624,42.374032
20.4561616,42.3739136
20.4560992,42.3739104
20.4556672,42.3739008
20.4555744,42.3739424
20.4555888,42.3739232
20.455568,42.3739616
20.4555728,42.373984
20.4555984,42.374016
20.4556176,42.3740288
20.4556336,42.374032
20.4556336,42.374032
20.4556336,42.3740224
20.455616,42.3739968
20.4555264,42.3739424
20.4555264,42.3739424
20.4555136,42.373936
20.4555136,42.373936
20.4555136,42.373936
20.4555136,42.373936
20.4555136,42.373936
20.4555104,42.3739584
20.4556032,42.373952
20.4556896,42.3739232
20.4558336,42.3739104
20.4561648,42.37392
20.4562592,42.3739808
20.4562672,42.3740192
20.4562496,42.3740608
20.4562304,42.37408
20.4561728,42.374112
20.4560768,42.3741344
20.4558368,42.37416
20.455336,42.3741536
20.4552656,42.3741216
20.4552128,42.3740736
20.4551808,42.3740128
20.455152,42.3738976
20.4551088,42.3737248
20.4550736,42.3736992
20.4550288,42.37368
20.4549632,42.3736672
20.4544416,42.3737312
20.4539952,42.373776
20.4534752,42.3738176
20.4529056,42.3738432
20.45232,42.373952
20.4517632,42.3740704
20.4512672,42.3742624
20.4510256,42.3743424
20.4508976,42.374352
20.4507472,42.37432
20.450312,42.3741824
20.4499952,42.3741312
20.4495488,42.3741088
20.4491856,42.3740896
20.44912,42.3740576
20.448936,42.3739904
20.4485184,42.3738784
20.4478848,42.3739168
20.4473936,42.3739392
20.4470032,42.3738976
20.4467872,42.373872
20.4459152,42.3742016
20.4450992,42.3744704
20.4442896,42.3747328
20.4434624,42.3750048
20.442976,42.3751968
20.4429072,42.3752736
20.4428672,42.375408
20.4427904,42.3757632
20.4427904,42.3757632
20.4427856,42.3757856
20.442768,42.3758688
20.442696,42.376176
20.4424864,42.3767712
20.4421792,42.3773984
20.4418464,42.378016
20.4415568,42.378656
20.4412512,42.3792992
20.440952,42.3799328
20.4406528,42.3805536
20.4403536,42.3811872
20.4400352,42.38184
20.4397616,42.3823968
20.4394624,42.3830176
20.4390848,42.383632
20.4386064,42.3841568
20.4380048,42.3846784
20.437456,42.3851968
20.4369616,42.3857152
20.4364608,42.3861888
20.4359232,42.3867424
20.435392,42.387296
20.4350608,42.3877184
20.4349664,42.387952
20.4349152,42.3879808
20.4348528,42.3879968
20.4347872,42.388
20.4347248,42.3879904
20.4346736,42.3879616
20.4346352,42.3879296
20.4346128,42.3878816
20.4346048,42.3878368
20.4346192,42.3877856
20.4346592,42.3877408
20.4347184,42.3877024
20.4348672,42.3876576
20.4350688,42.3875552
20.4355504,42.3870176
20.4360448,42.3864928
20.4365504,42.3859584
20.4370672,42.3854112
20.437184,42.3852416
20.4372112,42.3851328
20.4371792,42.3851008
20.4371568,42.3850912
20.4369968,42.3849792
20.4369968,42.3849792
20.4369968,42.3849792
20.4369296,42.3849408
20.436896,42.3849376
20.4368784,42.384944
20.4368864,42.3849472
20.4368864,42.3849472
20.4369184,42.38496
20.4369184,42.38496
20.4369184,42.38496
20.4369184,42.38496
20.4369184,42.38496
20.4369184,42.38496
20.4369184,42.38496
20.4369184,42.38496
20.4369184,42.38496
20.4369184,42.38496
20.4369184,42.38496
20.4369184,42.38496
20.4369184,42.38496
20.4369184,42.38496
20.4369184,42.38496
20.4369184,42.38496
20.4369184,42.38496
20.4369184,42.38496
20.4369184,42.38496
20.4369184,42.38496
20.4369184,42.38496
20.4369184,42.38496
20.4369184,42.38496
20.4369184,42.38496
20.4369184,42.38496
20.4369184,42.38496
20.4369184,42.38496
20.4369184,42.38496
20.4369184,42.38496
20.4369184,42.38496
20.4369184,42.38496
20.4369184,42.38496
20.4369184,42.38496
20.4369184,42.38496
20.4369184,42.38496
20.4369184,42.38496
20.4369184,42.38496
20.4369184,42.38496
20.4369184,42.38496
20.4369184,42.38496
20.4369184,42.38496
20.4369184,42.38496
20.4369184,42.38496
20.4369184,42.38496
20.4369184,42.38496
20.4369184,42.38496
20.4369184,42.38496
20.4369184,42.38496
20.4369184,42.38496
20.4369184,42.38496
20.4369184,42.38496
20.4369184,42.38496
20.4369184,42.38496
20.4369184,42.38496
20.4369184,42.38496
20.4369184,42.38496
20.4369184,42.38496
20.4369184,42.38496
20.4369184,42.38496
20.4369184,42.38496
20.4369184,42.38496
20.4369184,42.38496
20.4369184,42.38496
20.4369184,42.38496
20.4369184,42.38496
20.4369184,42.38496
20.4369184,42.38496
20.4369184,42.38496
20.4369184,42.38496
20.4369184,42.38496
20.4369184,42.38496
20.4369184,42.38496
20.4369184,42.38496
20.4369184,42.38496
20.4369184,42.38496
20.4369424,42.3849312
20.4369168,42.3849472
20.4369168,42.3849472
20.4369168,42.3849472
20.4369168,42.3849472
20.4369168,42.3849472
20.4369168,42.3849472
20.4369168,42.3849472
20.436952,42.38496
20.4369648,42.3850016
20.4369872,42.3850304
20.4370192,42.38504
20.4371008,42.3850784
20.4372288,42.38512
20.4372864,42.38512
20.4372864,42.38512
20.4373472,42.3851168
20.437368,42.3851104
20.4374048,42.3850784
20.4374352,42.3850432
20.4378624,42.3846624
20.438832,42.3837856
20.4392096,42.3832896
20.4394896,42.3827168
20.4400832,42.3815072
20.4403264,42.3809696
20.4405936,42.3804192
20.4409008,42.3797952
20.4411616,42.3792128
20.4414352,42.3786304
20.441696,42.378096
20.4419648,42.3775392
20.4422528,42.376944
20.4425152,42.3763456
20.4426512,42.3758304
20.4427504,42.375392
20.4427504,42.375392
20.4427536,42.375344
20.4427536,42.3752896
20.44276,42.3752672
20.4428064,42.3752224
20.4428896,42.3751808
20.4436976,42.3749024
20.444496,42.3746368
20.4453392,42.3743584
20.4461216,42.374096
20.4468912,42.3738784
20.4473456,42.3739104
20.4478384,42.3738848
20.448528,42.3738784
20.4489312,42.3739936
20.4492416,42.3740768
20.4497312,42.3740992
20.4501664,42.3741408
20.4503952,42.3741952
20.4506096,42.374256
20.4510016,42.3743168
20.4511552,42.3742816
20.4513056,42.3742176
20.4518416,42.374016
20.4530352,42.3738048
20.4535472,42.373792
20.4544864,42.3737184
20.4550224,42.3736736
20.4550768,42.3736928
20.4551168,42.3737184
20.4551488,42.37376
20.4551728,42.3738432
20.45524,42.3741088
20.4552768,42.3741216
20.4553648,42.374144
20.4555104,42.3741536
20.4560512,42.3741152
20.4561616,42.37408
20.456224,42.374032
20.4562336,42.3739936
20.456208,42.3739456
20.4561008,42.3739104
20.4557248,42.373904
20.4556384,42.37392
20.4555936,42.373952
20.4555872,42.3739744
20.4555936,42.3739968
20.4556048,42.3740128
20.4556448,42.3740416
20.4556448,42.3740416
20.4556432,42.374032
20.4556176,42.3739808
20.4555936,42.3739744
20.4555792,42.3739712
20.4555552,42.3739584
20.4555552,42.3739584
20.4555552,42.3739584
20.4555552,42.3739584
20.4555552,42.3739584
20.4555392,42.3739456
20.455736,42.373904
20.4558256,42.3738976
20.4561632,42.3739104
20.456248,42.3739648
20.4562528,42.3740128
20.4562288,42.3740608
20.4562,42.3740832
20.4561344,42.3741152
20.4560224,42.3741376
20.4554864,42.3741696
20.4552848,42.374144
20.4552176,42.3741088
20.4551888,42.37408
20.4551664,42.3739104
20.4551328,42.37376
20.45508,42.3737056
20.4550368,42.3736928
20.4549696,42.37368
20.4548624,42.3736928
20.454176,42.3737664
20.4536512,42.3738176
20.452936,42.3738464
20.4523888,42.3739424
20.4517744,42.3740704
20.4510368,42.3743328
20.4509088,42.3743392
20.4507792,42.37432
20.450288,42.3741824
20.4497616,42.3741184
20.449176,42.3741024
20.4484768,42.3739104
20.4480304,42.3739392
20.447464,42.3739712
20.4469984,42.3739616
20.4467552,42.3739328
20.4466528,42.3739648
20.4458576,42.3742176
20.4450544,42.37448
20.4442176,42.374752
20.4434208,42.3750144
20.4429728,42.3751936
20.4428976,42.3753056
20.4427664,42.3759072
20.4427664,42.3759072
20.4427584,42.3759392
20.4427248,42.3760352
20.4425056,42.3766944
20.4422112,42.3773152
20.4419344,42.3779424
20.4416336,42.3785568
20.4413296,42.3791872
20.4410208,42.3798016
20.4407216,42.3804384
20.4404416,42.3810432
20.44016,42.3816448
20.43988,42.38224
20.4396016,42.3828416
20.4392896,42.3834304
20.438312,42.3844768
20.4371888,42.38552
20.4366768,42.3860672
20.4361008,42.3866208
20.4356,42.3871648
20.435112,42.3877152
20.435096,42.387744
20.4350896,42.3877664
20.4350896,42.3877824
20.4350496,42.3879456
20.4349808,42.388
20.4348928,42.3880256
20.4348112,42.388032
20.4347536,42.388016
20.4346976,42.387984
20.4346464,42.387936
20.434408,42.3877248
20.4336928,42.3873568
20.4333904,42.3872288
20.4332144,42.3872256
20.433048,42.3872704
20.4329488,42.3873216
20.4328368,42.3874336
20.4323376,42.3879584
20.4318176,42.3884672
20.431624,42.3885792
20.431536,42.3885856
20.4315072,42.3885792
20.4315072,42.3885792
20.4315072,42.3885792
20.431416,42.3885536
20.4312992,42.3884672
20.4311232,42.3883424
20.4307312,42.3881696
20.4301952,42.3880736
20.4300784,42.3880992
20.4298224,42.3881248
20.429488,42.3881536
20.429488,42.3881536
20.4294384,42.3881568
20.429376,42.3881728
20.4285424,42.3884
20.4281312,42.3885504
20.4281312,42.3885504
20.4280752,42.3885888
20.427976,42.3886272
20.427904,42.388656
20.4278672,42.3886688
20.4278496,42.3886752
20.4271872,42.3889184
20.427136,42.3889248
20.427136,42.3889248
20.427008,42.388928
20.426944,42.388912
20.4266304,42.3888736
20.4265888,42.3888576
20.4265888,42.3888576
20.4265888,42.3888576
20.4265888,42.3888576
20.4265888,42.3888576
20.4265888,42.3888576
20.4265888,42.3888576
20.4265888,42.3888576
20.4265888,42.3888576
20.4265888,42.3888576
20.4265888,42.3888576
20.4265888,42.3888576
20.4265888,42.3888576
20.4265888,42.3888576
20.4265888,42.3888576
20.4265888,42.3888576
20.4265888,42.3888576
20.4265888,42.3888576
20.4265888,42.3888576
20.4265888,42.3888576
20.4265888,42.3888576
20.4265888,42.3888576
20.4265888,42.3888576
20.4265888,42.3888576
20.4265888,42.3888576
20.4265888,42.3888576
20.4265888,42.3888576
20.4265888,42.3888576
20.4265888,42.3888576
20.4265888,42.3888576
20.4265888,42.3888576
20.4265888,42.3888576
20.4265888,42.3888576
20.4265888,42.3888576
20.4265888,42.3888576
20.4265888,42.3888576
20.4265888,42.3888576
20.4265888,42.3888576
20.4265888,42.3888576
20.4265888,42.3888576
20.4265888,42.3888576
20.4265888,42.3888576
20.4265888,42.3888576
20.4265888,42.3888576
20.4265888,42.3888576
20.4265888,42.3888576
20.4265888,42.3888576
20.4265888,42.3888576
20.4265888,42.3888576
20.4265888,42.3888576
20.4265888,42.3888576
20.4265888,42.3888576
20.4265888,42.3888576
20.4265888,42.3888576
20.4265888,42.3888576
20.4265888,42.3888576
20.4265888,42.3888576
20.4265888,42.3888576
20.4265888,42.3888576
20.4265888,42.3888576
20.4265888,42.3888576
20.4265888,42.3888576
20.4265888,42.3888576
20.4265888,42.3888576
20.4265888,42.3888576
20.4265888,42.3888576
20.4265888,42.3888576
20.4265888,42.3888576
20.4265888,42.3888576
20.4265888,42.3888576
20.4265888,42.3888576
20.4265888,42.3888576
20.4265888,42.3888576
20.4265888,42.3888576
20.4265888,42.3888576
20.4265888,42.3888576
20.4265888,42.3888576
20.4265888,42.3888576
20.4265888,42.3888576
20.4265888,42.3888576
20.4265888,42.3888576
20.4265888,42.3888576
20.4265888,42.3888576
20.4265888,42.3888576
20.4265888,42.3888576
20.4265888,42.3888576
20.4265888,42.3888576
20.4265888,42.3888576
20.4265888,42.3888576
20.4265888,42.3888576
20.4265888,42.3888576
20.4265888,42.3888576
20.4265888,42.3888576
20.4265888,42.3888576
20.4265888,42.3888576
20.4265888,42.3888576
20.4265888,42.3888576
20.4265888,42.3888576
20.4265888,42.3888576
20.4265888,42.3888576
20.4265888,42.3888576
20.4265888,42.3888576
20.4265888,42.3888576
20.4265888,42.3888576
20.4265888,42.3888576
20.4266432,42.3889088
20.4266432,42.3889088
20.4266432,42.3889088
20.4266656,42.388896
20.4266848,42.3888928
20.4267056,42.3888928
20.4267328,42.3888992
20.42676,42.3889056
20.4268224,42.3889088
20.4268224,42.3889088
20.4268224,42.3889088
20.4268928,42.3889248
20.4268976,42.388992
20.4268832,42.3890176
20.4265312,42.3896384
20.4260704,42.3902016
20.425576,42.3907744
20.4250944,42.391328
20.4245648,42.3918848
20.424192,42.3921824
20.4239104,42.392368
20.4233824,42.39288
20.422832,42.3934208
20.4225424,42.39376
20.4225088,42.3939136
20.4225248,42.39408
20.4225584,42.3941088
20.422648,42.3941504
20.422744,42.3941984
20.4227568,42.3942208
20.4227568,42.3942496
20.422744,42.3942752
20.4226928,42.3943168
20.4226784,42.3943264
20.4226784,42.3943264
20.4226864,42.3943136
20.4226912,42.3943072
20.4227264,42.3942752
20.4227264,42.3942752
20.4227488,42.3942592
20.4227888,42.3942464
20.4227888,42.3942464
20.4227888,42.3942464
20.4228304,42.3942496
20.4228464,42.394256
20.42308,42.394368
20.4233072,42.3944992
20.4233184,42.3945088
20.4233184,42.3945088
20.4233184,42.3945088
20.4233184,42.3945088
20.4233184,42.3945088
20.4233184,42.3945088
20.4233184,42.3945088
20.4233184,42.3945088
20.4233184,42.3945088
20.4233184,42.3945088
20.4233184,42.3945088
20.4233184,42.3945088
20.4233184,42.3945088
20.4233184,42.3945088
20.4233184,42.3945088
20.4233184,42.3945088
20.4233184,42.3945088
20.4233184,42.3945088
20.4233184,42.3945088
20.4233184,42.3945088
20.4233184,42.3945088
20.4233184,42.3945088
20.4233184,42.3945088
20.4233184,42.3945088
20.4233184,42.3945088
20.4233184,42.3945088
20.4237856,42.3946048
20.4237856,42.3946048
20.4237856,42.3946048
20.4237856,42.3946048
20.4237856,42.3946048
20.4237856,42.3946048
20.4237856,42.3946048
20.4237856,42.3946048
20.4238224,42.3946528
20.4237712,42.3946176
20.4237712,42.3946176
20.4237712,42.3946176
20.4237712,42.3946176
20.4237712,42.3946176
20.4237712,42.3946176
20.4238704,42.3946496
20.4236896,42.3945728
20.4236576,42.3945472
20.4236576,42.3945472
20.4236336,42.3945344
20.423616,42.394528
20.4235216,42.394528
20.4234032,42.394512
20.4233376,42.3944768
20.4230912,42.3943584
20.4230912,42.3943584
20.4230912,42.3943584
20.4230912,42.3943584
20.4230912,42.3943584
20.4230912,42.3943584
20.4230912,42.3943584
20.4230912,42.3943584
20.4230912,42.3943584
20.4230912,42.3943584
20.4230912,42.3943584
20.4230912,42.3943584
20.4230912,42.3943584
20.4229984,42.3943168
20.4229312,42.3942848
20.4224832,42.3940704
20.4224624,42.3940192
20.422472,42.3939712
20.422488,42.3938336
20.422488,42.3938336
20.42248,42.3938336
20.4224992,42.3937504
20.4225408,42.39368
20.423064,42.3931392
20.4236064,42.3926112
20.4241984,42.3921088
20.4243904,42.391968
20.4248928,42.3914464
20.4254288,42.39088
20.4258672,42.3903776
20.4263584,42.3898112
20.42676,42.3892096
20.426904,42.389008
20.4269824,42.3889728
20.4276832,42.3887392
20.4282224,42.3885152
20.4282224,42.3885152
20.4282224,42.3885152
20.4282224,42.3885152
20.4282224,42.3885152
20.428248,42.3885312
20.428248,42.3885312
20.4283008,42.3885376
20.4283936,42.388576
20.4290448,42.3890272
20.429664,42.389472
20.4300912,42.3897728
20.4301376,42.3897728
20.4302288,42.3897504
20.4303152,42.3896992
20.4308656,42.3891872
20.4314064,42.3886784
20.4319056,42.3882208
20.4324112,42.387712
20.432896,42.3871776
20.4330352,42.3870304
20.4330352,42.3870304
20.4330352,42.3870304
20.4330848,42.3869984
20.4331648,42.3869472
20.4332464,42.386944
20.4332912,42.38696
20.433376,42.3870048
20.43408,42.387376
20.4346752,42.3876544
20.4347936,42.3876576
20.4349136,42.3876256
20.435024,42.387568
20.4352416,42.3873696
20.4357104,42.3868288
20.4362432,42.386272
20.4372464,42.3852288
20.4377856,42.384704
20.4383904,42.3841824
20.4389328,42.3836352
20.439328,42.3830272
20.4396176,42.3824288
20.4399072,42.3818336
20.4402224,42.3811808
20.440504,42.3805856
20.4407824,42.3799776
20.4411072,42.3793344
20.4414048,42.37872
20.4417024,42.378096
20.4419872,42.377488
20.4422816,42.3768544
20.442536,42.37624
20.4426896,42.3756032
20.442744,42.375344
20.442744,42.375344
20.4427456,42.3753056
20.44276,42.3752352
20.4427888,42.3752064
20.4428784,42.3751616
20.443664,42.3749088
20.4444752,42.3746464
20.4452576,42.3743872
20.44608,42.374112
20.4468064,42.3738432
20.4468912,42.3738624
20.4471632,42.3739104
20.4474944,42.3738976
20.4477888,42.3738976
20.4481072,42.3738816
20.4484352,42.3738592
20.448768,42.37392
20.4493216,42.3740544
20.4499136,42.3740992
20.4503424,42.3741824
20.4508928,42.37432
20.4509776,42.3743168
20.451112,42.3742912
20.4517504,42.3740544
20.4517504,42.3740544
20.4518128,42.3740352
20.4524576,42.3739008
20.4531312,42.3738016
20.4537008,42.3737824
20.4542448,42.3737248
20.4548336,42.3736544
20.4550304,42.3736448
20.4550816,42.3736672
20.45512,42.3737024
20.4551424,42.3737408
20.4551728,42.3738112
20.4551728,42.3738112
20.4551808,42.3738528
20.455168,42.3738848
20.455168,42.3738848
20.4551488,42.373952
20.4551488,42.3739648
20.4551264,42.374064
20.4550816,42.3740896
20.4550704,42.3740928
20.4550704,42.3740928
20.4550704,42.3740928
20.4550704,42.3740928
20.4551376,42.374096
20.4551376,42.374096
20.4551376,42.374096
20.4551664,42.3740992
20.4551664,42.3740992
20.4552416,42.3741024
20.4552416,42.3741024
20.4552416,42.3741024
20.4552416,42.3741024
20.4552416,42.3741024
20.4552416,42.3741024
20.4552416,42.3741024
20.4552416,42.3741024
20.4552416,42.3741024
20.4552416,42.3741024
20.4552416,42.3741024
20.4552688,42.3740832
20.4552688,42.3740832
20.4552464,42.3740768
20.4551376,42.3740704
20.4551504,42.3740448
20.4551584,42.3740096
20.4551632,42.3739936
20.4551696,42.3738432
20.4551392,42.37376
20.4549776,42.373648
20.4548816,42.3736576
20.4544224,42.3737216
20.4539504,42.3737664
20.4534896,42.3738048
20.4529488,42.373824
20.4523632,42.373936
20.4517504,42.374064
20.4511712,42.3742752
20.4510192,42.3743104
20.4508976,42.3743104
20.4507472,42.374288
20.4503312,42.3741728
20.4499392,42.3740992
20.4494208,42.3740992
20.4492032,42.3740768
20.4484208,42.3738816
20.4478416,42.3739008
20.4476256,42.37392
20.4476256,42.37392
20.447552,42.3739296
20.4475344,42.3739328
20.4474352,42.3739168
20.4472784,42.3739104
20.44704,42.3738976
20.4468192,42.3738592
20.4467264,42.3738848
20.4459184,42.3741792
20.4450608,42.3744608
20.4442064,42.374736
20.4434064,42.3750048
20.4430048,42.3751616
20.4429184,42.375248
20.442864,42.3754144
20.4427296,42.376048
20.4425152,42.376672
20.4422176,42.3772608
20.4419408,42.3778848
20.4415968,42.3785888
20.4413088,42.3791744
20.4410624,42.3796768
20.4410624,42.3796768
20.4410624,42.3796768
20.4409728,42.3797504
20.4408736,42.3797728
20.440768,42.3797344
20.440096,42.3793984
20.439672,42.3792192
20.4396224,42.3792352
20.4396032,42.379248
20.4395776,42.3792832
20.4394512,42.3794208
20.439424,42.3794464
20.4393424,42.3795232
20.438936,42.3799616
20.4387232,42.3802304
20.4387168,42.380272
20.4387424,42.3804992
20.4389376,42.3810112
20.43904,42.3813664
20.4390144,42.381424
20.4389536,42.3814656
20.438872,42.3814912
20.4385472,42.3815584
20.437872,42.3816768
20.4372992,42.3817696
20.4371008,42.38184
20.4369504,42.381936
20.4368576,42.382016
20.4368576,42.382016
20.4368224,42.382032
20.4367632,42.3820448
20.4366448,42.3820608
20.4365216,42.382096
20.4364384,42.382144
20.436336,42.382256
20.4359952,42.3826432
20.4359088,42.382672
20.4357888,42.3826752
20.4356368,42.382656
20.435024,42.3825408
20.434904,42.38256
20.4348736,42.3825792
20.43436,42.3830592
20.433848,42.3835808
20.4333264,42.3840736
20.4331872,42.3841376
20.4331344,42.3841376
20.4330208,42.3841216
20.432504,42.3839808
20.431656,42.38376
20.4315744,42.3837536
20.4314688,42.3837664
20.4313088,42.3837536
20.4311232,42.3836672
20.4311232,42.3836672
20.4310448,42.3836256
20.430984,42.3835968
20.430592,42.3835136
20.4304176,42.3835136
20.4303536,42.3835456
20.4302864,42.3835808
20.4297504,42.383808
20.4293296,42.384032
20.4293296,42.384032
20.4293296,42.384032
20.4293296,42.384032
20.4293296,42.384032
20.4293296,42.384032
20.4293296,42.384032
20.4293296,42.384032
20.4293296,42.384032
20.4293296,42.384032
20.4293296,42.384032
20.4293296,42.384032
20.4293296,42.384032
20.4293296,42.384032
20.4293296,42.384032
20.4293296,42.384032
20.4293296,42.384032
20.4293296,42.384032
20.4293296,42.384032
20.4293296,42.384032
20.4293296,42.384032
20.4293296,42.384032
20.4293296,42.384032
20.4293296,42.384032
20.4293296,42.384032
20.4293296,42.384032
20.4293296,42.384032
20.4293296,42.384032
20.4293296,42.384032
20.4293296,42.384032
20.4293296,42.384032
20.4293296,42.384032
20.4293296,42.384032
20.4293296,42.384032
20.4293296,42.384032
20.4293296,42.384032
20.4293296,42.384032
20.4293296,42.384032
20.4293296,42.384032
20.4293296,42.384032
20.4293296,42.384032
20.4293296,42.384032
20.4293296,42.384032
20.4293296,42.384032
20.4293296,42.384032
20.4293296,42.384032
20.4293296,42.384032
20.4293296,42.384032
20.4293296,42.384032
20.4293296,42.384032
20.4293296,42.384032
20.4293296,42.384032
20.4293296,42.384032
20.4293296,42.384032
20.4293296,42.384032
20.4293296,42.384032
20.4293296,42.384032
20.4293296,42.384032
20.4293296,42.384032
20.4293296,42.384032
20.4293296,42.384032
20.4293296,42.384032
20.4293296,42.384032
20.4293296,42.384032
20.4293296,42.384032
20.4293296,42.384032
20.4293296,42.384032
20.4293296,42.384032
20.4293296,42.384032
20.4293296,42.384032
20.4293296,42.384032
20.4293296,42.384032
20.4293296,42.384032
20.4293296,42.384032
20.4293296,42.384032
20.4292144,42.38392
20.4291968,42.3839296
20.4287984,42.38416
20.4287984,42.38416
20.4287984,42.38416
20.4287984,42.38416
20.4287168,42.384192
20.428656,42.3842432
20.4284704,42.3843456
20.428432,42.3843552
20.4283968,42.3843552
20.4282144,42.384288
20.4280928,42.384192
20.4279936,42.3840416
20.4279936,42.3840416
20.4279712,42.3839136
20.4277712,42.3827968
20.427624,42.3824576
20.4277456,42.3818048
20.42784,42.3812512
20.4278464,42.3809504
20.4278464,42.3809504
20.4278464,42.3809504
20.42784,42.3808832
20.4278432,42.3808352
20.4278672,42.3803584
20.4278736,42.3800768
20.4279248,42.3797728
20.4279248,42.3797728
20.4279248,42.3797728
20.4279248,42.3797728
20.4279248,42.3797728
20.4279248,42.3797728
20.4279248,42.3797728
20.4279248,42.3797728
20.4279248,42.3797728
20.4279248,42.3797728
20.4279248,42.3797728
20.4279248,42.3797728
20.4279248,42.3797728
20.4279248,42.3797728
20.4279248,42.3797728
20.4279248,42.3797728
20.4279248,42.3797728
20.4279248,42.3797728
20.4279248,42.3797728
20.4279248,42.3797728
20.4279248,42.3797728
20.4279248,42.3797728
20.4279248,42.3797728
20.4279248,42.3797728
20.4279248,42.3797728
20.4279664,42.3797376
20.4279664,42.3797376
20.4279744,42.3797184
20.4279728,42.3796992
20.427976,42.3796608
20.427984,42.3796416
20.427984,42.3796416
20.427984,42.3796416
20.427984,42.3796416
20.427984,42.3796416
20.427984,42.3796416
20.427984,42.3796416
20.427984,42.3796416
20.427984,42.3796416
20.427984,42.3796416
20.427984,42.3796416
20.427984,42.3796416
20.427984,42.3796416
20.427984,42.3796416
20.4286704,42.3797504
20.4286704,42.3797504
20.4286704,42.3797504
20.4286704,42.3797504
20.4286704,42.3797504
20.4286704,42.3797504
20.4287536,42.3797792
20.4286752,42.3797632
20.428704,42.3797632
20.428704,42.3797632
20.4287392,42.3797568
20.4287392,42.3797568
20.4287392,42.3797568
20.4287392,42.3797568
20.4287392,42.3797568
20.4287568,42.3797344
20.428536,42.3797696
20.428536,42.3797696
20.428536,42.3797696
20.428536,42.3797696
20.4284336,42.379808
20.4284336,42.379808
20.4283664,42.379808
20.428168,42.379808
20.428168,42.379808
20.4280016,42.37976
20.4279888,42.3797632
20.4279664,42.3797792
20.4279664,42.3797792
20.4279664,42.3797792
20.4279664,42.3797792
20.4279664,42.3797792
20.4279664,42.3797792
20.4279664,42.3797792
20.4279664,42.3797792
20.4279664,42.3797792
20.4279664,42.3797792
20.427912,42.3797696
20.4279136,42.379808
20.427912,42.3798976
20.427912,42.3799328
20.427912,42.3799328
20.4279216,42.379968
20.4279024,42.38
20.427864,42.3800608
20.427864,42.3800768
20.4278704,42.3801184
20.4279264,42.3804544
20.4278944,42.3806528
20.4278736,42.3808896
20.4278272,42.3815232
20.4277024,42.382192
20.4276768,42.382464
20.4277824,42.3827104
20.4279168,42.3830912
20.427976,42.3837472
20.4280752,42.3840448
20.4281632,42.3841408
20.428448,42.3843104
20.42924,42.3846048
20.4297776,42.3848352
20.4297776,42.3848352
20.4297936,42.3848416
20.4300016,42.3849152
20.4303664,42.3851008
20.4310848,42.3854496
20.4317328,42.3858592
20.4323536,42.3862944
20.4330528,42.3867808
20.4337504,42.3872032
20.4344928,42.387568
20.434672,42.3876192
20.4347968,42.3876128
20.4349168,42.3875744
20.4350128,42.3875168
20.4355616,42.3869664
20.4361024,42.3864032
20.4365744,42.38592
20.4370848,42.3853984
20.4376208,42.3848608
20.4382832,42.3842976
20.438848,42.3837536
20.439256,42.383152
20.43956,42.3825024
20.4398672,42.381856
20.4401552,42.3812608
20.44044,42.3806624
20.440728,42.380048
20.4410304,42.3794208
20.4413312,42.3787776
20.4416192,42.3781728
20.4419136,42.3775296
20.4422192,42.376896
20.4424768,42.376288
20.4426368,42.3756384
20.4427264,42.3752896
20.4427264,42.3752896
20.4427264,42.3752896
20.4427472,42.3752256
20.4428032,42.375184
20.4428464,42.3751648
20.4435216,42.374928
20.4443104,42.3746688
20.4451728,42.3743872
20.4459232,42.374144
20.44672,42.3738592
20.446776,42.3738592
20.4472384,42.3738944
20.4472528,42.3738912
20.4472528,42.3738912
20.4472528,42.3738912
20.4472528,42.3738912
20.4472528,42.3738912
20.4472528,42.3738912
20.4472528,42.3738912
20.4472944,42.3738368
20.4474032,42.37384
20.4477952,42.3738368
20.4483104,42.3738208
20.4485264,42.3738368
20.4490192,42.3739648
20.4491264,42.3739936
20.4495552,42.3740576
20.4496352,42.3740512
20.4497184,42.3740704
20.4498496,42.3740992
20.4498496,42.3740992
20.4498496,42.3740992
20.449904,42.3740928
20.4500144,42.3740928
20.450296,42.374128
20.4508288,42.3742752
20.451,42.3742944
20.4510912,42.3742752
20.4517616,42.3740192
20.4524688,42.373872
20.453192,42.373776
20.4537888,42.3737376
20.4542688,42.3736928
20.4548736,42.3736224
20.4550384,42.3736256
20.4551056,42.3736672
20.4551488,42.3737344
20.4551712,42.37384
20.4552096,42.3740896
20.455248,42.3740992
20.4553296,42.3741088
20.455752,42.3741152
20.456112,42.3740704
20.4561856,42.3740352
20.456232,42.3739904
20.45624,42.3739424
20.4562176,42.3739136
20.4561808,42.3738912
20.4560912,42.3738816
20.4556768,42.3738944
20.4556544,42.3739104
20.4556352,42.3739296
20.4556272,42.3739456
20.4556336,42.3739712
20.4556592,42.3740096
20.4557056,42.374016
20.4557264,42.3740192
20.4557264,42.3740192
20.4557264,42.3740192
20.455712,42.3740032
20.4556448,42.3739776
20.4556128,42.3739744
20.4556128,42.3739744
20.4556368,42.3739584
20.4556976,42.373904
20.4557568,42.3738752
20.455808,42.3738656
20.4560048,42.3738624
20.4561824,42.3738784
20.4562384,42.3739104
20.4562512,42.3739296
20.456264,42.3739648
20.4562176,42.3740512
20.4561696,42.3740768
20.4560912,42.3740992
20.4558864,42.3741216
20.4558016,42.3741344
20.4558016,42.3741344
20.4557552,42.3741344
20.455704,42.374144
20.4553776,42.3741504
20.4551728,42.3740832
20.45516,42.3740608
20.455168,42.3740128
20.4551488,42.37376
20.4551056,42.373712
20.4550688,42.3736928
20.4550144,42.3736768
20.4549488,42.3736768
20.4547184,42.3737056
20.4543248,42.373744
20.4543248,42.373744
20.4542944,42.373744
20.4542944,42.373744
20.4541696,42.3737664
20.4537408,42.3737856
20.4532496,42.3738016
20.4527968,42.3738464
20.4519808,42.3740032
20.4514048,42.374192
20.4509808,42.3743232
20.4503424,42.3741888
20.449992,42.3741312
20.4499056,42.3741312
20.4499056,42.3741312
20.4499056,42.3741312
20.4499056,42.3741312
20.4499056,42.3741312
20.4498512,42.374112
20.4497936,42.3741024
20.4497488,42.3740992
20.4494672,42.37408
20.4493216,42.3740736
20.4493216,42.3740736
20.4492144,42.37408
20.4491984,42.3740768
20.4490496,42.374032
20.449032,42.3740224
20.4487952,42.373952
20.4484704,42.3738784
20.4479696,42.3738912
20.4476128,42.3739136
20.4472528,42.3739136
20.4469776,42.3738816
20.4468704,42.3738848
20.4468704,42.3738848
20.4468704,42.3738848
20.4468704,42.3738848
20.4468704,42.3738848
20.4468704,42.3738848
20.4468704,42.3738848
20.4467808,42.3738816
20.4467216,42.3738848
20.4466832,42.3738912
20.4464992,42.373952
20.4456736,42.3742624
20.4448512,42.3745408
20.4440064,42.3748288
20.443216,42.375088
20.442944,42.3752256
20.4428848,42.3753312
20.4427296,42.3759776
20.44256,42.3765952
20.4422592,42.3772192
20.44192,42.377952
20.4416,42.3786176
20.4412672,42.3792736
20.4409504,42.379936
20.4406512,42.3805824
20.440328,42.3812384
20.440008,42.3819008
20.4396864,42.3825696
20.4393648,42.3832288
20.4389568,42.383792
20.4384096,42.384336
20.4378336,42.3848384
20.43732,42.3853408
20.4367392,42.3859168
20.4361824,42.3865056
20.4356896,42.3870304
20.4351888,42.3875552
20.4350992,42.3877152
20.434936,42.3879936
20.4348672,42.3880032
20.4347968,42.3879968
20.4347344,42.3879776
20.4346432,42.3879008
20.4342976,42.387616
20.4335824,42.387264
20.4333648,42.3871872
20.4332128,42.3871648
20.4330464,42.3871968
20.4329584,42.3872352
20.4328768,42.3873184
20.4323504,42.3878624
20.4318384,42.3883776
20.4315632,42.388576
20.4314992,42.388576
20.4314464,42.38856
20.4313984,42.3885344
20.4312528,42.388432
20.4309584,42.388224
20.4303472,42.388064
20.4301184,42.3880608
20.4293744,42.3881888
20.4286,42.388416
20.4284992,42.3884576
20.4284992,42.3884576
20.4284992,42.3884576
20.4284576,42.3884544
20.4283184,42.3885056
20.4278352,42.3886688
20.42724,42.388896
20.4271152,42.3889248
20.42704,42.3889248
20.42704,42.3889248
20.4269888,42.3889152
20.426928,42.3888992
20.4267776,42.3888864
20.4266832,42.3888832
20.4266464,42.3888576
20.426616,42.3888288
20.426616,42.3888288
20.426616,42.3888288
20.426616,42.3888288
20.426616,42.3888288
20.426616,42.3888288
20.426616,42.3888288
20.426616,42.3888288
20.426616,42.3888288
20.426616,42.3888288
20.426616,42.3888288
20.426616,42.3888288
20.426616,42.3888288
20.426616,42.3888288
20.426616,42.3888288
20.426616,42.3888288
20.426616,42.3888288
20.426616,42.3888288
20.426616,42.3888288
20.426616,42.3888288
20.426616,42.3888288
20.426616,42.3888288
20.426616,42.3888288
20.426616,42.3888288
20.426616,42.3888288
20.426616,42.3888288
20.426616,42.3888288
20.426616,42.3888288
20.426616,42.3888288
20.426616,42.3888288
20.426616,42.3888288
20.426616,42.3888288
20.426616,42.3888288
20.426616,42.3888288
20.426616,42.3888288
20.426616,42.3888288
20.426616,42.3888288
20.426616,42.3888288
20.426616,42.3888288
20.426616,42.3888288
20.426616,42.3888288
20.426616,42.3888288
20.426616,42.3888288
20.426616,42.3888288
20.426616,42.3888288
20.426616,42.3888288
20.426616,42.3888288
20.426616,42.3888288
20.426616,42.3888288
20.426616,42.3888288
20.426616,42.3888288
20.426616,42.3888288
20.426616,42.3888288
20.426616,42.3888288
20.426616,42.3888288
20.426616,42.3888288
20.426616,42.3888288
20.426616,42.3888288
20.426616,42.3888288
20.426616,42.3888288
20.426616,42.3888288
20.426616,42.3888288
20.426616,42.3888288
20.426616,42.3888288
20.426616,42.3888288
20.426616,42.3888288
20.426616,42.3888288
20.426616,42.3888288
20.426616,42.3888288
20.426616,42.3888288
20.426616,42.3888288
20.426616,42.3888288
20.426616,42.3888288
20.426616,42.3888288
20.426616,42.3888288
20.426616,42.3888288
20.426616,42.3888288
20.426616,42.3888288
20.426616,42.3888288
20.426616,42.3888288
20.426616,42.3888288
20.426616,42.3888288
20.426616,42.3888288
20.426616,42.3888288
20.426616,42.3888288
20.426616,42.3888288
20.426616,42.3888288
20.426616,42.3888288
20.426616,42.3888288
20.426616,42.3888288
20.426616,42.3888288
20.426616,42.3888288
20.426616,42.3888288
20.426616,42.3888288
20.426616,42.3888288
20.426616,42.3888288
20.426616,42.3888288
20.426616,42.3888288
20.426616,42.3888288
20.426616,42.3888288
20.426616,42.3888288
20.426616,42.3888288
20.426616,42.3888288
20.426616,42.3888288
20.426616,42.3888288
20.426616,42.3888288
20.426616,42.3888288
20.426616,42.3888288
20.426616,42.3888288
20.426616,42.3888288
20.426616,42.3888288
20.426616,42.3888288
20.426616,42.3888288
20.426616,42.3888288
20.426616,42.3888288
20.426616,42.3888288
20.426616,42.3888288
20.426616,42.3888288
20.426616,42.3888288
20.426616,42.3888288
20.426616,42.3888288
20.426616,42.3888288
20.426616,42.3888288
20.426616,42.3888288
20.426616,42.3888288
20.426616,42.3888288
20.426616,42.3888288
20.426616,42.3888288
20.426616,42.3888288
20.426616,42.3888288
20.426616,42.3888288
20.426616,42.3888288
20.426616,42.3888288
20.426616,42.3888288
20.426616,42.3888288
20.426616,42.3888288
20.426616,42.3888288
20.426616,42.3888288
20.426616,42.3888288
20.426616,42.3888288
20.426616,42.3888288
20.426616,42.3888288
20.426616,42.3888288
20.426616,42.3888288
20.426616,42.3888288
20.426616,42.3888288
20.426616,42.3888288
20.426616,42.3888288
20.426616,42.3888288
20.426616,42.3888288
20.426616,42.3888288
20.426616,42.3888288
20.426616,42.3888288
20.426616,42.3888288
20.426616,42.3888288
20.426616,42.3888288
20.426616,42.3888288
20.426616,42.3888288
20.426616,42.3888288
20.426616,42.3888288
20.426616,42.3888288
20.426616,42.3888288
20.426616,42.3888288
20.426616,42.3888288
20.426616,42.3888288
20.426616,42.3888288
20.426616,42.3888288
20.426616,42.3888288
20.426616,42.3888288
20.426616,42.3888288
20.426616,42.3888288
20.426616,42.3888288
20.426616,42.3888288
20.426616,42.3888288
20.426616,42.3888288
20.426616,42.3888288
20.426616,42.3888288
20.426616,42.3888288
20.426616,42.3888288
20.426616,42.3888288
20.426616,42.3888288
20.426616,42.3888288
20.426616,42.3888288
20.426616,42.3888288
20.426616,42.3888288
20.426616,42.3888288
20.426616,42.3888288
20.426616,42.3888288
20.426616,42.3888288
20.426616,42.3888288
20.426616,42.3888288
20.426616,42.3888288
20.426616,42.3888288
20.426616,42.3888288
20.426616,42.3888288
20.426616,42.3888288
20.426616,42.3888288
20.426616,42.3888288
20.426616,42.3888288
20.426616,42.3888288
20.426616,42.3888288
20.426616,42.3888288
20.426616,42.3888288
20.426616,42.3888288
20.426616,42.3888288
20.426616,42.3888288
20.426616,42.3888288
20.426616,42.3888288
20.426616,42.3888288
20.426616,42.3888288
20.426616,42.3888288
20.426616,42.3888288
20.426616,42.3888288
20.426616,42.3888288
20.426616,42.3888288
20.426616,42.3888288
20.426616,42.3888288
20.426616,42.3888288
20.426616,42.3888288
20.426616,42.3888288
20.426616,42.3888288
20.426616,42.3888288
20.426616,42.3888288
20.426616,42.3888288
20.426616,42.3888288
20.426616,42.3888288
20.426616,42.3888288
20.426616,42.3888288
20.426616,42.3888288
20.426616,42.3888288
20.426616,42.3888288
20.426616,42.3888288
20.4266736,42.388832
20.4266912,42.3888256
20.4267136,42.388816
20.426768,42.3888256
20.4267872,42.388832
20.42684,42.3888576
20.42684,42.3888576
20.42684,42.3888576
20.4269392,42.388896
20.4269712,42.3888832
20.4269888,42.3888672
20.4270016,42.3888192
20.4270752,42.3886976
20.4271552,42.3885792
20.4274384,42.387984
20.427776,42.3874016
20.4279408,42.3867808
20.4279856,42.3865792
20.4280608,42.3865088
20.4281104,42.3864896
20.4282144,42.38648
20.4285984,42.3864864
20.4286224,42.3865088
20.4286384,42.3865472
20.4286304,42.3865536
20.4286304,42.3865536
20.428632,42.3865664
20.4286544,42.3866656
20.4286112,42.3869184
20.4285792,42.3870016
20.4285792,42.3870016
20.4285696,42.38704
20.4285696,42.38704
20.4286048,42.3870624
20.4286048,42.3870624
20.4286048,42.3870624
20.42856,42.3868864
20.4285664,42.3868448
20.4285648,42.3867232
20.4285776,42.386672
20.4285984,42.3866496
20.4286016,42.3866336
20.4286256,42.3865856
20.4286256,42.3865856
20.4286464,42.3865472
20.4286464,42.3865472
20.4286656,42.386528
20.4286864,42.386512
20.4287072,42.3864928
20.4287744,42.3865024
20.4289184,42.386512
20.4290624,42.3865728
20.4293152,42.3866624
20.429912,42.3868704
20.4301872,42.3870304
20.4307856,42.3875232
20.431464,42.3879232
20.431808,42.3881184
20.4318912,42.3881184
20.4319744,42.3880832
20.432048,42.3880224
20.4326096,42.387488
20.4329168,42.3870912
20.4329376,42.3869632
20.4329008,42.38688
20.4328208,42.3868064
20.4322096,42.386352
20.431584,42.385856
20.4311104,42.3855776
20.4310528,42.385568
20.4310096,42.3855776
20.430984,42.3856
20.4309536,42.385616
20.4309376,42.385648
20.4309216,42.3856608
20.43092,42.38568
20.430752,42.3858464
20.4307392,42.3858752
20.4307392,42.3858752
20.43068,42.3858944
20.430664,42.3859072
20.4306208,42.3859136
20.4306048,42.3859136
20.4306048,42.3859136
20.4305008,42.385936
20.4305008,42.385936
20.4304752,42.3859648
20.4304752,42.3859648
20.4304752,42.3859648
20.4304336,42.3860096
20.4304224,42.3860256
20.430376,42.3860768
20.430376,42.3860768
20.430376,42.3860768
20.430376,42.3860768
20.430376,42.3860768
20.4303744,42.386112
20.430424,42.3860832
20.4304384,42.3860672
20.4304384,42.3860672
20.4304384,42.3860672
20.4304384,42.3860672
20.4304384,42.3860672
20.4304384,42.3860672
20.4304384,42.3860672
20.4304384,42.3860672
20.4304384,42.3860672
20.4304384,42.3860672
20.4304384,42.3860672
20.4304384,42.3860672
20.4304384,42.3860672
20.4304384,42.3860672
20.4304384,42.3860672
20.4304384,42.3860672
20.4304384,42.3860672
20.4304384,42.3860672
20.4304384,42.3860672
20.4304384,42.3860672
20.4304384,42.3860672
20.430464,42.3862688
20.430464,42.3862688
20.430464,42.3862688
20.430464,42.3862688
20.430464,42.3862688
20.430464,42.3862688
20.430464,42.3862688
20.430464,42.3862688
20.430464,42.3862688
20.430464,42.3862688
20.430464,42.3862688
20.430464,42.3862688
20.430464,42.3862688
20.4303584,42.3860864
20.4303648,42.386096
20.4304272,42.386032
20.430512,42.3860192
20.430512,42.3860192
20.4305536,42.386016
20.4305536,42.386016
20.4305776,42.3860064
20.4306064,42.385968
20.4306064,42.3859552
20.4306512,42.3859136
20.4309088,42.3856704
20.4309536,42.3856128
20.4309536,42.3856128
20.4309712,42.3855936
20.4309776,42.3855584
20.43096,42.3855392
20.4309408,42.3855232
20.4303184,42.385152
20.4303296,42.38512
20.4303552,42.3850976
20.4304432,42.3850624
20.4304432,42.3850624
20.4304128,42.3850784
20.4304128,42.3850784
20.4303888,42.38512
20.4304048,42.3851296
20.430448,42.3851424
20.430536,42.3851808
20.431112,42.3854432
20.4317424,42.3858592
20.4319776,42.3860288
20.432584,42.3864672
20.43392,42.3872672
20.4346048,42.3876064
20.4347056,42.3876256
20.4348576,42.3876224
20.4349504,42.3875872
20.435032,42.3875328
20.4355376,42.3869984
20.4360368,42.38648
20.4365424,42.385952
20.4370464,42.3854368
20.4375456,42.3849312
20.4380912,42.3844224
20.438656,42.3839104
20.4391136,42.3833568
20.4394544,42.3827584
20.4397664,42.3821472
20.4400592,42.3815584
20.440352,42.380944
20.4406592,42.380336
20.4409568,42.3797152
20.4412576,42.3790976
20.4415488,42.3784992
20.4418528,42.3778912
20.4421184,42.377312
20.4424064,42.3766752
20.4427552,42.3754112
20.4428192,42.3752128
20.442928,42.3751552
20.4436512,42.3748896
20.444456,42.3746176
20.4453152,42.3743392
20.4461056,42.3740736
20.446736,42.373824
20.446736,42.373824
20.446736,42.373824
20.4467728,42.3738112
20.4468176,42.3737984
20.4468848,42.3738112
20.4469168,42.3738208
20.4471552,42.3738976
20.4474912,42.3738912
20.4481664,42.3738592
20.4489024,42.3739776
20.4492704,42.374064
20.4497104,42.3740736
20.4501232,42.3741344
20.4505504,42.3742496
20.4509696,42.37432
20.4510688,42.3742944
20.4516336,42.3740928
20.4521584,42.3739456
20.4527232,42.3738368
20.4533488,42.3737984
20.4538416,42.3737568
20.454288,42.3737184
20.4547856,42.373664
20.4550144,42.3736448
20.4550992,42.3736928
20.4551376,42.3737248
20.4551824,42.373904
20.4551952,42.373984
20.4551952,42.373984
20.4551952,42.373984
20.4551952,42.373984
20.455208,42.3740128
20.4552384,42.3740736
20.4553456,42.374128
20.4554928,42.3741408
20.456024,42.374112
20.456152,42.3740768
20.4562096,42.3740416
20.456232,42.374
20.4562336,42.3739808
20.4561856,42.3739296
20.4561504,42.3739136
20.456056,42.3739008
20.4557152,42.3738944
20.4556576,42.373904
20.4556096,42.373936
20.4555968,42.3739776
20.455608,42.374
20.4556464,42.3740288
20.4556816,42.3740352
20.4556816,42.3740352
20.4556544,42.3740224
20.4556544,42.3740224
20.4556368,42.3740032
20.4555696,42.3739424
20.45552,42.3739168
20.45552,42.3739168
20.45552,42.3739168
20.45552,42.3739168
20.45552,42.3739168
20.45556,42.3739168
20.4555856,42.37392
20.4556128,42.3739232
20.4556672,42.37392
20.4556896,42.3739104
20.4557728,42.3738848
20.4559008,42.3738848
20.456184,42.3739136
20.4562288,42.3739424
20.4562496,42.3739904
20.4562352,42.3740288
20.456208,42.3740608
20.4561744,42.3740832
20.456152,42.374096
20.45612,42.3741088
20.4560944,42.374112
20.455776,42.3741568
20.4553968,42.3741568
20.4553056,42.3741408
20.4553056,42.3741408
20.4553056,42.3741408
20.4553056,42.3741408
20.4553056,42.3741408
20.4553056,42.3741408
20.4553056,42.3741408
20.4553056,42.3741408
20.4553056,42.3741408
20.4553056,42.3741408
20.4553056,42.3741408
20.4552784,42.3741312
20.4552016,42.3740608
20.4551904,42.374032
20.455088,42.3737024
20.4550496,42.3736864
20.4549728,42.3736672
20.4549168,42.3736672
20.4544256,42.3737376
20.4539952,42.3737664
20.4535584,42.3737984
20.4530352,42.3738144
20.452488,42.3738976
20.45192,42.3740128
20.4513168,42.3742144
20.4509872,42.37432
20.450912,42.3743168
20.4508032,42.3742912
20.4503808,42.374192
20.4499824,42.3740992
20.4498432,42.3740896
20.4492704,42.3740608
20.4490592,42.3740128
20.448568,42.3738656
20.4483072,42.3738624
20.4477248,42.373904
20.4474912,42.3739008
20.4471888,42.3739104
20.4470176,42.3738976
20.4467328,42.3738784
20.4465392,42.3739456
20.4457632,42.3742176
20.444936,42.3744992
20.4441072,42.3747776
20.4435808,42.3749568
20.4427808,42.3752128
20.4419264,42.3754944
20.441056,42.375744
20.4401488,42.3759552
20.4392528,42.3761376
20.4385088,42.3763168
20.4384576,42.3762976
20.438408,42.3762688
20.437984,42.3759648
20.4379728,42.3758432
20.4380672,42.3751488
20.4381904,42.3745088
20.4382704,42.3738304
20.4383728,42.3731808
20.4383792,42.3727328
20.4383392,42.3727008
20.4382224,42.3726656
20.437384,42.3725504
20.4367616,42.3724128
20.43648,42.372384
20.436192,42.3724224
20.4361456,42.3724416
20.4360688,42.3725248
20.4357696,42.3732288
20.4357712,42.3733152
20.4357872,42.3733344
20.4358448,42.3733568
20.4361008,42.3733952
20.4369616,42.3735392
20.4378064,42.3736928
20.4382592,42.3737632
20.4382832,42.3737856
20.4383024,42.3738176
20.4383072,42.3738912
20.4382288,42.3745312
20.4382016,42.3748864
20.4382272,42.3749088
20.4382656,42.3749184
20.4383552,42.3749152
20.438456,42.3748896
20.439304,42.3747136
20.4401856,42.3745568
20.440504,42.3745088
20.4405392,42.3745344
20.4405472,42.3745568
20.440552,42.3746112
20.4405472,42.375056
20.4405808,42.375072
20.4406608,42.3750752
20.440704,42.3750688
20.4409776,42.3750816
20.441008,42.3751072
20.4410288,42.3751456
20.4410336,42.375184
20.4411056,42.3753504
20.4412864,42.3755392
20.441328,42.3755616
20.441328,42.3755616
20.4413808,42.3755936
20.44144,42.3756032
20.44148,42.3756
20.441568,42.375568
20.442408,42.3752864
20.4427936,42.3752096
20.4428304,42.3752352
20.4428704,42.3753216
20.4428608,42.3754112
20.4427248,42.3760384
20.4425088,42.3766592
20.4422128,42.3773088
20.4419328,42.3779136
20.4416288,42.378528
20.4413376,42.3791328
20.4410528,42.379728
20.440744,42.3803168
20.4404512,42.380944
20.4401536,42.381584
20.4398288,42.382192
20.4395392,42.3828064
20.4392336,42.3833472
20.4391136,42.3833696
20.4390512,42.3833568
20.4389904,42.3833344
20.4388784,42.3832736
20.4381472,42.3828896
20.4375712,42.3825536
20.4368672,42.382192
20.4365632,42.382096
20.4365104,42.3821152
20.4364624,42.3821376
20.4363456,42.3822208
20.4358656,42.38272
20.4357552,42.382736
20.435648,42.3827232
20.435448,42.382672
20.4350464,42.3825504
20.4349664,42.3825632
20.4349152,42.3825888
20.4348416,42.3826528
20.4342592,42.383168
20.4337408,42.3837152
20.4331776,42.3841376
20.433056,42.3841376
20.4329392,42.384112
20.4321856,42.3838944
20.432144,42.3838496
20.4321472,42.383808
20.432184,42.383744
20.4324928,42.383136
20.4325936,42.3830368
20.4325936,42.3830368
20.4325808,42.3830368
20.4326224,42.3830368
20.4326768,42.3830656
20.4326768,42.3830656
20.4326768,42.3830656
20.4326768,42.3830656
20.4326768,42.3830656
20.4326768,42.3830656
20.4326768,42.3830656
20.4326768,42.3830656
20.4326768,42.3830656
20.4326768,42.3830656
20.4326768,42.3830656
20.4326768,42.3830656
20.4326768,42.3830656
20.4326768,42.3830656
20.4326768,42.3830656
20.4326768,42.3830656
20.4326768,42.3830656
20.4326768,42.3830656
20.4326768,42.3830656
20.4326768,42.3830656
20.4326768,42.3830656
20.4326768,42.3830656
20.4326768,42.3830656
20.4326768,42.3830656
20.4326768,42.3830656
20.4326768,42.3830656
20.4326768,42.3830656
20.4326768,42.3830656
20.4326768,42.3830656
20.4326768,42.3830656
20.4326768,42.3830656
20.4326768,42.3830656
20.4326768,42.3830656
20.4326768,42.3830656
20.4326768,42.3830656
20.4326768,42.3830656
20.4326768,42.3830656
20.4326768,42.3830656
20.4326768,42.3830656
20.4326768,42.3830656
20.4326768,42.3830656
20.4326768,42.3830656
20.4326768,42.3830656
20.4326768,42.3830656
20.4326768,42.3830656
20.4326768,42.3830656
20.4326768,42.3830656
20.4326768,42.3830656
20.4326768,42.3830656
20.4326768,42.3830656
20.4326768,42.3830656
20.4326768,42.3830656
20.4326768,42.3830656
20.4326768,42.3830656
20.432352,42.3829056
20.4323856,42.3829056
20.4324224,42.382928
20.4324224,42.382928
20.4323936,42.3829088
20.4323936,42.3829088
20.4323936,42.3829088
20.4323936,42.3829088
20.4323936,42.3829088
20.4323952,42.38288
20.4323952,42.38288
20.432528,42.3830048
20.43252,42.3830528
20.4324544,42.3831648
20.4322352,42.3836896
20.4321424,42.3838144
20.4321104,42.3838304
20.4320512,42.3838336
20.4320048,42.3838208
20.431184,42.383616
20.4304512,42.3833984
20.4302736,42.3833728
20.4302256,42.3833856
20.4301872,42.3834144
20.4295632,42.3838528
20.4289744,42.3842496
20.42892,42.3843264
20.428912,42.384384
20.4289232,42.3844832
20.4289728,42.3845344
20.4290432,42.38456
20.429784,42.3848864
20.4305728,42.3852352
20.4313728,42.3856224
20.4320144,42.386064
20.432656,42.3865312
20.4333376,42.3869824
20.4340576,42.3873344
20.4346768,42.3876128
20.4347952,42.3876128
20.4349024,42.3875808
20.4349968,42.3875264
20.4355216,42.3870208
20.4360432,42.3864864
20.4365632,42.3859488
20.4370752,42.385424
20.4375776,42.384912
20.438144,42.3843968
20.4387104,42.3838944
20.4391632,42.3833312
20.4395072,42.3827168
20.4397808,42.3821376
20.4400752,42.381536
20.4403664,42.380912
20.4406592,42.3802976
20.4409984,42.37968
20.4412576,42.3790624
20.4415392,42.3784224
20.4418736,42.377824
20.4421744,42.3772096
20.4424288,42.3766016
20.4426352,42.3759776
20.4427952,42.3752224
20.4428304,42.3751936
20.442936,42.375152
20.44372,42.3748928
20.4438832,42.3748256
20.4441088,42.3747264
20.4449296,42.3744512
20.445736,42.3741888
20.4465536,42.3738976
20.4468016,42.373856
20.4469984,42.3738624
20.4474336,42.3738912
20.4478752,42.3738656
20.448424,42.3738528
20.4485824,42.3738784
20.4490848,42.3740288
20.4492128,42.3740576
20.4495552,42.3740608
20.44972,42.3740736
20.4501392,42.3741216
20.4503872,42.3741824
20.4508608,42.374272
20.4510112,42.3742752
20.45112,42.3742432
20.4516752,42.3740544
20.4522,42.373936
20.4527856,42.3738208
20.45336,42.373792
20.4538464,42.3737568
20.4542784,42.3737248
20.4547312,42.37368
20.45504,42.3736544
20.455088,42.3736736
20.4551392,42.3737184
20.4551584,42.3737536
20.4551808,42.3738752
20.4552416,42.3740928
20.4553008,42.374128
20.4554496,42.3741504
20.4560304,42.3741152
20.4561936,42.3740608
20.4562384,42.3740192
20.4562448,42.3739776
20.4562176,42.3739328
20.4562,42.37392
20.4561648,42.373904
20.4561216,42.3738976
20.4558144,42.3738816
20.4556096,42.373904
20.4555968,42.37392
20.4555888,42.3739392
20.4555952,42.3739808
20.4556256,42.3740128
20.4556464,42.3740192
20.455672,42.3740224
20.455672,42.3740224
20.4556592,42.3740096
20.4555536,42.373952
20.455536,42.3739456
20.455536,42.3739456
20.455536,42.3739456
20.455536,42.3739456
20.4555072,42.3739392
20.4556224,42.3739168
20.4556224,42.3739168
20.4556224,42.3739168
20.4556672,42.3739008
20.4556896,42.3738944
20.4557968,42.3738784
20.4561008,42.3738848
20.4561824,42.373904
20.4562096,42.3739296
20.4562432,42.3739744
20.4562448,42.3740128
20.4562256,42.3740512
20.456184,42.3740896
20.4561328,42.374112
20.4560656,42.3741312
20.4556592,42.3741632
20.4552944,42.374144
20.4552368,42.3740992
20.4552176,42.3740736
20.4551984,42.374016
20.45512,42.373712
20.4551008,42.373696
20.4550688,42.37368
20.455048,42.3736736
20.4549792,42.3736576
20.4549248,42.3736608
20.4544832,42.373712
20.4540048,42.3737536
20.4534832,42.3737856
20.4528624,42.373824
20.4522416,42.373936
20.4517504,42.3740512
20.4512112,42.3742528
20.4510256,42.3742976
20.4509168,42.3742944
20.4507968,42.3742688
20.4503312,42.3741696
20.450112,42.374128
20.4496048,42.3740608
20.4491392,42.3740192
20.4486768,42.3738912
20.4483584,42.3738592
20.4477536,42.3738944
20.4473312,42.3739104
20.4470528,42.3738976
20.44692,42.373872
20.44692,42.373872
20.4468912,42.3738624
20.4467904,42.3738624
20.4467488,42.3738752
20.4459216,42.3741696
20.4450096,42.3744672
20.4442592,42.3747104
20.443552,42.374944
20.4429968,42.3751552
20.4429136,42.3752544
20.4428768,42.3753696
20.4427248,42.3760288
20.442512,42.376656
20.4421744,42.3773664
20.4418704,42.3779872
20.441584,42.378624
20.4412896,42.379248
20.4409984,42.3798496
20.4406832,42.3804928
20.4404048,42.3811008
20.4401072,42.3817088
20.4398192,42.3823104
20.4395296,42.3829344
20.4391792,42.3835328
20.4380896,42.384624
20.4375344,42.3851424
20.4370208,42.3856736
20.436512,42.3861952
20.4359888,42.3867424
20.4354832,42.3872704
20.4350688,42.3877152
20.434976,42.3879744
20.4349264,42.3879968
20.4348048,42.3880096
20.4347424,42.3879936
20.4346432,42.3879296
20.4345856,42.3878336
20.434464,42.3877184
20.4337904,42.3873504
20.4335104,42.3872096
20.4331136,42.3871776
20.432968,42.3872288
20.432896,42.3872832
20.4323584,42.3878336
20.431792,42.3883936
20.4315872,42.3885504
20.4315296,42.38856
20.4314704,42.3885568
20.4314192,42.3885376
20.431376,42.3885152
20.4309808,42.388224
20.4309808,42.388224
20.4309808,42.388224
20.430904,42.3881984
20.4308064,42.388176
20.4301408,42.388032
20.4296016,42.388112
20.4287632,42.3883296
20.4279936,42.3886176
20.4272016,42.388912
20.4270384,42.3889184
20.4267632,42.3888704
20.4266704,42.3888576
20.4266496,42.3888512
20.42664,42.3888384
20.42664,42.3888384
20.42664,42.3888384
20.42664,42.3888384
20.42664,42.3888384
20.42664,42.3888384
20.42664,42.3888384
20.42664,42.3888384
20.42664,42.3888384
20.42664,42.3888384
20.42664,42.3888384
20.42664,42.3888384
20.42664,42.3888384
20.42664,42.3888384
20.42664,42.3888384
20.42664,42.3888384
20.42664,42.3888384
20.42664,42.3888384
20.42664,42.3888384
20.42664,42.3888384
20.42664,42.3888384
20.42664,42.3888384
20.42664,42.3888384
20.42664,42.3888384
20.42664,42.3888384
20.42664,42.3888384
20.42664,42.3888384
20.42664,42.3888384
20.42664,42.3888384
20.42664,42.3888384
20.42664,42.3888384
20.42664,42.3888384
20.42664,42.3888384
20.42664,42.3888384
20.42664,42.3888384
20.42664,42.3888384
20.42664,42.3888384
20.42664,42.3888384
20.42664,42.3888384
20.42664,42.3888384
20.42664,42.3888384
20.42664,42.3888384
20.42664,42.3888384
20.42664,42.3888384
20.42664,42.3888384
20.42664,42.3888384
20.42664,42.3888384
20.42664,42.3888384
20.42664,42.3888384
20.42664,42.3888384
20.42664,42.3888384
20.42664,42.3888384
20.42664,42.3888384
20.42664,42.3888384
20.42664,42.3888384
20.42664,42.3888384
20.42664,42.3888384
20.42664,42.3888384
20.42664,42.3888384
20.42664,42.3888384
20.42664,42.3888384
20.42664,42.3888384
20.42664,42.3888384
20.42664,42.3888384
20.42664,42.3888384
20.42664,42.3888384
20.42664,42.3888384
20.42664,42.3888384
20.42664,42.3888384
20.42664,42.3888384
20.42664,42.3888384
20.42664,42.3888384
20.42664,42.3888384
20.42664,42.3888384
20.42664,42.3888384
20.42664,42.3888384
20.42664,42.3888384
20.42664,42.3888384
20.42664,42.3888384
20.42664,42.3888384
20.42664,42.3888384
20.42664,42.3888384
20.42664,42.3888384
20.42664,42.3888384
20.42664,42.3888384
20.42664,42.3888384
20.42664,42.3888384
20.42664,42.3888384
20.42664,42.3888384
20.42664,42.3888384
20.42664,42.3888384
20.42664,42.3888384
20.42664,42.3888384
20.42664,42.3888384
20.42664,42.3888384
20.42664,42.3888384
20.42664,42.3888384
20.42664,42.3888384
20.42664,42.3888384
20.42664,42.3888384
20.42664,42.3888384
20.42664,42.3888384
20.42664,42.3888384
20.42664,42.3888384
20.42664,42.3888384
20.42664,42.3888384
20.42664,42.3888384
20.42664,42.3888384
20.42664,42.3888384
20.42664,42.3888384
20.42664,42.3888384
20.42664,42.3888384
20.42664,42.3888384
20.42664,42.3888384
20.42664,42.3888384
20.42664,42.3888384
20.42664,42.3888384
20.42664,42.3888384
20.42664,42.3888384
20.42664,42.3888384
20.42664,42.3888384
20.42664,42.3888384
20.42664,42.3888384
20.42664,42.3888384
20.42664,42.3888384
20.42664,42.3888384
20.4267312,42.3888352
20.4267712,42.388832
20.4268048,42.3888352
20.4268304,42.3888448
20.4268304,42.3888448
20.426912,42.3888768
20.4269488,42.3888544
20.426976,42.388816
20.4269824,42.3887936
20.4272848,42.38824
20.4276176,42.3876256
20.4278208,42.3870112
20.4279664,42.3864512
20.4280032,42.3864416
20.42808,42.386432
20.4281888,42.386448
20.4285824,42.3864864
20.4285872,42.3865088
20.4285808,42.3865344
20.4285584,42.386672
20.4285824,42.3867936
20.4285984,42.3868128
20.4285904,42.3868512
20.4285616,42.3869664
20.4285472,42.3869888
20.4285472,42.3869888
20.4285472,42.3869888
20.4285472,42.3869888
20.4285712,42.3870464
20.4285712,42.3870464
20.4286016,42.3870624
20.4286016,42.3870624
20.4285824,42.3870368
20.4285824,42.3870368
20.4285824,42.3870368
20.4285824,42.3870368
20.4285824,42.3870368
20.4285824,42.3870368
20.4285824,42.3870368
20.4285824,42.3870368
20.4285824,42.3870368
20.4285824,42.3870368
20.4285824,42.3870368
20.4285824,42.3870368
20.4285824,42.3870368
20.4285824,42.3870368
20.4285824,42.3870368
20.4285824,42.3870368
20.4285824,42.3870368
20.4285824,42.3870368
20.4285824,42.3870368
20.4285824,42.3870368
20.4285824,42.3870368
20.4285824,42.3870368
20.4285824,42.3870368
20.4285056,42.387056
20.4285776,42.3870624
20.4285776,42.3870624
20.4285776,42.3870624
20.4285776,42.3870624
20.4285776,42.3870624
20.4285776,42.3870624
20.4284592,42.3871232
20.4284784,42.38712
20.428512,42.3870976
20.428536,42.3870656
20.4285392,42.3870464
20.4285504,42.3869856
20.4285392,42.386864
20.4285312,42.3868416
20.4285312,42.3868416
20.4285424,42.3868
20.4285504,42.386784
20.4285856,42.3866464
20.4286064,42.3865856
20.4286256,42.3865504
20.4286416,42.3865312
20.4286544,42.3865056
20.428704,42.3864896
20.4288944,42.3864832
20.4294608,42.3867104
20.4301664,42.3870592
20.430752,42.3875392
20.4312,42.3878016
20.4318512,42.3881536
20.4318848,42.3881536
20.4319472,42.3881312
20.432072,42.3880512
20.4325312,42.3875616
20.4330048,42.3870624
20.4330048,42.3870624
20.4330256,42.3870272
20.433064,42.3869792
20.4331376,42.3869504
20.4331872,42.3869472
20.4332784,42.3869696
20.433408,42.38704
20.4341168,42.3873664
20.4346784,42.3876256
20.4347952,42.3876224
20.4349072,42.3876
20.43504,42.3875072
20.4355024,42.387024
20.4360144,42.386512
20.436536,42.385968
20.4370672,42.3854144
20.4375952,42.3848608
20.4381568,42.3843616
20.4387168,42.3838592
20.4392,42.3832512
20.4395088,42.3826912
20.4398288,42.3820672
20.4401344,42.38144
20.4404352,42.3807936
20.4407536,42.3801856
20.4410416,42.3795808
20.441312,42.3789824
20.4416048,42.3783616
20.4419008,42.3777504
20.442192,42.377136
20.4424688,42.3765312
20.4426592,42.3758848
20.4427536,42.3754208
20.4427536,42.3754208
20.4427504,42.3753824
20.4427536,42.3753408
20.4427616,42.3752736
20.4427792,42.375248
20.4428528,42.3751968
20.4431072,42.3750944
20.443896,42.3748192
20.4447056,42.3745408
20.4455104,42.3742752
20.4462848,42.3740096
20.4468272,42.373824
20.4469776,42.3738624
20.447256,42.3738912
20.4476992,42.3738752
20.4482512,42.3738432
20.4485664,42.3738656
20.448952,42.374
20.4491952,42.3740512
20.4497408,42.37408
20.4502064,42.374144
20.4506592,42.374256
20.4509792,42.3743008
20.4510496,42.3742912
20.4512464,42.374208
20.4518896,42.3739904
20.4524672,42.3738624
20.4531216,42.3737824
20.4536,42.373776
20.4541728,42.3737184
20.4546928,42.3736768
20.4550368,42.3736448
20.4550864,42.3736672
20.4551104,42.37368
20.4551216,42.3736864
20.4551504,42.3737376
20.4551872,42.3739008
20.4552128,42.3740608
20.455256,42.374096
20.4553584,42.3741216
20.4555728,42.3741216
20.4561248,42.3740704
20.4562192,42.3740288
20.4562384,42.3739808
20.4562384,42.3739808
20.4562352,42.3739584
20.456168,42.3739168
20.456112,42.373904
20.4558752,42.3738912
20.4556592,42.3739104
20.4556448,42.3739296
20.4556432,42.3739648
20.4556544,42.3739808
20.4556688,42.3739968
20.4556992,42.3740128
20.4556992,42.3740128
20.455672,42.3739968
20.45564,42.3739552
20.4555296,42.3738976
20.4555296,42.3738976
20.4555008,42.3738912
20.4555248,42.3738944
20.455576,42.3738976
20.4557264,42.3738848
20.4559216,42.3738784
20.4559216,42.3738784
20.455976,42.3738752
20.4560928,42.3738752
20.4561984,42.3738976
20.4562288,42.3739232
20.4562432,42.3739424
20.4562576,42.3739808
20.4562496,42.3740352
20.4562144,42.3740704
20.4561728,42.3740928
20.4561152,42.374112
20.4558544,42.3741504
20.4553184,42.3741504
20.4552448,42.3741216
20.455192,42.37408
20.4551792,42.3740512
20.455136,42.373744
20.4550576,42.3736832
20.4549776,42.3736608
20.4549104,42.373664
20.4543472,42.3737344
20.4538608,42.3737792
20.4532496,42.3738144
20.452744,42.373856
20.4520256,42.3739808
20.4514736,42.3741504
20.4509888,42.3743168
20.4508624,42.3743072
20.450424,42.3741888
20.449944,42.3740832
20.4493872,42.374064
20.4490624,42.374016
20.4484368,42.3738528
20.4478256,42.3738944
20.4472992,42.3739296
20.4470064,42.3739296
20.4467568,42.3738912
20.4466784,42.3739136
20.4458256,42.3742112
20.4449856,42.3744768
20.4441312,42.3747552
20.4433376,42.375024
20.4425024,42.3753056
20.4419248,42.3754912
20.441008,42.3757312
20.4410832,42.3757184
20.4409232,42.3757568
20.4400384,42.375968
20.4392064,42.37616
20.438608,42.376288
20.4385792,42.376304
20.4385504,42.376304
20.4384656,42.3762752
20.4383952,42.3762208
20.4381584,42.3760704
20.4380176,42.3759712
20.4379792,42.375888
20.437984,42.3757984
20.4380832,42.375088
20.4381824,42.3744
20.4382912,42.3737344
20.4383824,42.3730976
20.4383888,42.37272
20.4383232,42.3726688
20.4382208,42.37264
20.4373168,42.3725216
20.4363968,42.3723552
20.4355072,42.3722304
20.4346288,42.372144
20.4337536,42.3720672
20.4334416,42.3719904
20.4334112,42.3719392
20.433392,42.371856
20.4333872,42.3715968
20.433392,42.3715904
20.433392,42.3715904
20.433392,42.3715904
20.433392,42.3715904
20.433392,42.3715904
20.4333808,42.371648
20.4333824,42.3716544
20.4333808,42.3716736
20.4333808,42.371712
20.4333808,42.371712
20.4333808,42.371712
20.433336,42.3718112
20.433336,42.3718112
20.4333664,42.3719456
20.433384,42.3719456
20.4334112,42.3719488
20.434072,42.3720704
20.4347536,42.3721664
20.435576,42.3722816
20.4364352,42.3723712
20.4372992,42.372528
20.4377232,42.3725696
20.4378464,42.3725632
20.4378464,42.3725632
20.4378464,42.3725632
20.4378464,42.3725632
20.4378464,42.3725632
20.4378464,42.3725632
20.4378464,42.3725632
20.4378464,42.3725632
20.4378464,42.3725632
20.4378464,42.3725632
20.4378464,42.3725632
20.4378464,42.3725632
20.4378464,42.3725632
20.4378464,42.3725632
20.4379152,42.3725664
20.4380032,42.3725792
20.438336,42.3726048
20.4383568,42.3726016
20.4384496,42.3725888
20.4385408,42.3726016
20.4393952,42.3727328
20.4402224,42.3728256
20.4404416,42.3728768
20.4404544,42.3729056
20.4404672,42.3729408
20.4404816,42.3730496
20.4404848,42.3736928
20.4405216,42.3743392
20.4405472,42.374416
20.440744,42.3743744
20.4408704,42.3743328
20.4411024,42.3742944
20.441136,42.3742624
20.441136,42.3742624
20.441136,42.3742624
20.441136,42.3742624
20.441136,42.3742624
20.441136,42.3742624
20.441136,42.3742624
20.441136,42.3742624
20.441136,42.3742624
20.441136,42.3742624
20.441136,42.3742624
20.441136,42.3742624
20.441136,42.3742624
20.441136,42.3742624
20.441136,42.3742624
20.441136,42.3742624
20.441136,42.3742624
20.441136,42.3742624
20.441136,42.3742624
20.441136,42.3742624
20.441136,42.3742624
20.441136,42.3742624
20.441136,42.3742624
20.441136,42.3742624
20.441136,42.3742624
20.441136,42.3742624
20.441136,42.3742624
20.441136,42.3742624
20.4411456,42.3742688
20.441136,42.37424
20.4411232,42.3742272
20.441088,42.3742016
20.4410928,42.3742176
20.4411216,42.3742592
20.4411216,42.3742592
20.4411216,42.3742592
20.4411216,42.3742592
20.4411216,42.3742592
20.4411152,42.3742784
20.4410896,42.374288
20.4410816,42.3742912
20.4410816,42.3742912
20.4410816,42.3742912
20.4410816,42.3742912
20.4410816,42.3742912
20.4410816,42.3742912
20.4410816,42.3742912
20.4411296,42.3742624
20.4410528,42.3743072
20.4409936,42.374336
20.4407424,42.3744288
20.4406096,42.3744896
20.440576,42.3745312
20.4405648,42.374576
20.4405248,42.3750528
20.4405712,42.3750688
20.4406448,42.375072
20.4409072,42.3750688
20.4409488,42.3750976
20.441,42.375168
20.4412896,42.37552
20.4413616,42.3755584
20.441456,42.3755776
20.441552,42.3755584
20.4423504,42.3752832
20.4431344,42.3750176
20.4439776,42.3747488
20.4448048,42.3744768
20.4455888,42.3742176
20.4463776,42.373952
20.4468672,42.3738336
20.4469888,42.3738528
20.447248,42.373872
20.4476304,42.3738848
20.4478416,42.373872
20.4478416,42.373872
20.447904,42.3738656
20.4479904,42.3738656
20.4481136,42.3738592
20.4484784,42.373856
20.4490032,42.3739936
20.4492256,42.3740416
20.4497552,42.3740576
20.4503056,42.3741312
20.4507824,42.3742592
20.450936,42.374272
20.4510768,42.3742528
20.4513248,42.3741568
20.4518816,42.3739808
20.4525472,42.3738592
20.453264,42.3737792
20.453832,42.3737536
20.4544176,42.3737056
20.4550384,42.373648
20.4550912,42.373664
20.4551296,42.373696
20.4551808,42.3737856
20.4551952,42.3739584
20.4552176,42.3740736
20.4553088,42.374112
20.4553648,42.3741184
20.4556544,42.3741184
20.45612,42.3740896
20.4562144,42.3740384
20.4562496,42.3739808
20.4561136,42.3738976
20.4557712,42.3738848
20.4556432,42.37392
20.4556096,42.3739648
20.4556256,42.3740096
20.455648,42.3740384
20.455648,42.3740384
20.4556432,42.3740224
20.4556288,42.3739744
20.455584,42.3739424
20.4555296,42.3739328
20.4554992,42.3739296
20.4554992,42.3739296
20.4554992,42.3739296
20.4554992,42.3739296
20.4554736,42.3739296
20.4555376,42.3739296
20.4555376,42.3739296
20.4555936,42.3739232
20.4555936,42.3739232
20.4557152,42.3738944
20.4558752,42.3738752
20.4561584,42.3738912
20.4562192,42.3739328
20.4562512,42.3739936
20.456232,42.374032
20.4562032,42.374064
20.4561648,42.3740928
20.4560864,42.3741184
20.4559264,42.374144
20.455456,42.37416
20.4552288,42.3741536
20.4552288,42.3741536
20.4552288,42.3741536
20.4552288,42.3741536
20.4552288,42.3741536
20.455216,42.374128
20.455192,42.3741216
20.4551584,42.3740832
20.455152,42.3740576
20.4551504,42.3740288
20.4551376,42.3737184
20.455096,42.37368
20.4550336,42.373648
20.4549648,42.373648
20.4548192,42.3736768
20.4542624,42.3737344
20.4537088,42.373776
20.4529968,42.3738016
20.4522992,42.3739296
20.45168,42.3740832
20.4510416,42.3743104
20.450896,42.3743072
20.450624,42.3742528
20.4506016,42.3742432
20.450424,42.3741888
20.450424,42.3741888
20.450424,42.3741888
20.4503904,42.3741952
20.4502544,42.37416
20.450096,42.3741344
20.4500688,42.3741216
20.450056,42.3741184
20.4499072,42.3740832
20.4499072,42.3740832
20.4498496,42.37408
20.4498304,42.3740768
20.44948,42.3740832
20.4493024,42.3740736
20.449032,42.374
20.448608,42.3738752
20.4483584,42.3738592
20.4476864,42.373904
20.4473072,42.3739136
20.4470272,42.3738944
20.4467168,42.3738944
20.4458784,42.3741952
20.4452416,42.3743808
20.4451296,42.3743424
20.4450912,42.3743072
20.4450704,42.3742592
20.4450704,42.3742112
20.4451088,42.3737344
20.4451088,42.3730368
20.4451488,42.372368
20.4453776,42.3716864
20.4456048,42.3710016
20.4457328,42.3703872
20.4457136,42.3703584
20.4456656,42.3703264
20.4456352,42.3703072
20.4452928,42.3702016
20.445272,42.370176
20.4452528,42.3701056
20.4452688,42.3700096
20.4453104,42.3697088
20.4452736,42.369664
20.4452496,42.3696448
20.445184,42.3696096
20.445112,42.3695904
20.4450016,42.3695616
20.4450016,42.3695616
20.4450016,42.3695616
20.4450016,42.3695616
20.4450016,42.3695616
20.4449616,42.3695296
20.4449808,42.3695424
20.4448928,42.3694752
20.4448816,42.3694336
20.4448832,42.3693888
20.4448832,42.3693888
20.4448832,42.3693952
20.4448688,42.3694688
20.4448688,42.3694688
20.4448688,42.3694688
20.4448688,42.3694688
20.4448688,42.3694688
20.4448688,42.3694688
20.4448688,42.3694688
20.4448688,42.3694688
20.4448688,42.3694688
20.4448688,42.3694688
20.4448688,42.3694688
20.4448688,42.3694688
20.4448688,42.3694688
20.4448688,42.3694688
20.4448688,42.3694688
20.4448688,42.3694688
20.4448688,42.3694688
20.4448688,42.3694688
20.4448688,42.3694688
20.4448688,42.3694688
20.4448688,42.3694688
20.4448688,42.3694688
20.4448688,42.3694688
20.4448688,42.3694688
20.4448688,42.3694688
20.4448688,42.3694688
20.4448688,42.3694688
20.4448688,42.3694688
20.4448688,42.3694688
20.4448688,42.3694688
20.4448688,42.3694688
20.4448688,42.3694688
20.4448688,42.3694688
20.4448688,42.3694688
20.4448688,42.3694688
20.444912,42.3695328
20.444928,42.3695264
20.4449504,42.3695264
20.4450032,42.3695296
20.4450672,42.3695456
20.4452064,42.3696096
20.4453328,42.3697056
20.4452976,42.3698624
20.445272,42.3699424
20.4452416,42.3701376
20.4452736,42.3701824
20.4453232,42.3702176
20.4453872,42.3702304
20.44564,42.3703104
20.4456848,42.3703552
20.4457136,42.3704096
20.4455968,42.371104
20.44536,42.3717408
20.4451488,42.372368
20.4451168,42.37304
20.4451072,42.373712
20.4450912,42.374032
20.44508,42.3743104
20.4451216,42.3743424
20.4451216,42.3743424
20.44516,42.374368
20.445208,42.374368
20.4452624,42.374352
20.4452912,42.3743424
20.4460176,42.3741088
20.4467104,42.3738432
20.4468224,42.3738144
20.4468944,42.3738368
20.4471248,42.3739008
20.4478208,42.3738848
20.4482976,42.373872
20.4486352,42.3738976
20.4491792,42.3740544
20.449632,42.3740768
20.4499328,42.374096
20.4499328,42.374096
20.4499872,42.3740992
20.450008,42.3741024
20.450392,42.3741888
20.4507472,42.3742816
20.4509616,42.37432
20.4510656,42.3743072
20.4511664,42.3742688
20.45176,42.3740512
20.4522896,42.37392
20.4528624,42.3738176
20.4532208,42.3737984
20.4537616,42.373776
20.4542464,42.3737344
20.4550576,42.3736672
20.4551088,42.373696
20.4551392,42.3737248
20.4551616,42.3737632
20.455176,42.37384
20.4551888,42.374064
20.4552512,42.3741152
20.4552912,42.3741312
20.4554192,42.3741408
20.4558432,42.3741344
20.4561488,42.3740896
20.4562208,42.3740448
20.4562448,42.3740032
20.456248,42.3739936
20.4562416,42.3739744
20.4562336,42.3739584
20.4562224,42.3739456
20.4561808,42.3739232
20.4561808,42.3739232
20.4562096,42.3739456
20.4562176,42.3739552
20.4562304,42.3739744
20.4562304,42.3739744
20.456248,42.3739904
20.456248,42.3739904
20.4562784,42.3740128
20.4562784,42.3740128
20.4562784,42.3740128
20.4562784,42.3740128
20.4562784,42.3740128
20.4562784,42.3740128
20.4562784,42.3740128
20.4562784,42.3740128
20.4562784,42.3740128
20.4565072,42.3741216
20.4564976,42.3741184
20.4564976,42.3741184
20.4564976,42.3741184
20.4564976,42.3741184
20.4564976,42.3741152
20.456464,42.374096
20.4563728,42.3740576
20.4562576,42.3740224
20.4562016,42.3740768
20.4561632,42.3740992
20.456112,42.3741152
20.4559472,42.3741408
20.4553744,42.3741408
20.4552368,42.3741024
20.4551792,42.3740416
20.45516,42.3739616
20.4551088,42.373696
20.4550608,42.3736608
20.455008,42.373648
20.4549392,42.3736608
20.454328,42.3737312
20.45376,42.3737792
20.4531328,42.3738112
20.4527328,42.3738624
20.451992,42.374
20.4515152,42.3741504
20.4510416,42.3743328
20.4509552,42.3743296
20.4506816,42.374272
20.4502256,42.3741504
20.4496544,42.3740736
20.4490752,42.3740032
20.4484544,42.3738656
20.4479376,42.3738944
20.4475936,42.3739104
20.4472768,42.3739232
20.4470384,42.3739328
20.4468864,42.3738752
20.4468512,42.373872
20.4468176,42.373872
20.4467312,42.3738912
20.4459216,42.374176
20.445192,42.3743936
20.4451472,42.3743808
20.4451472,42.3743808
20.4451168,42.3743744
20.445064,42.3743424
20.4450432,42.3743168
20.44504,42.3742816
20.4450496,42.3742176
20.4451008,42.3736256
20.4450912,42.3729632
20.4451376,42.3722656
20.4453904,42.3716288
20.4456208,42.3709152
20.4457072,42.370368
20.445664,42.3703232
20.4456192,42.3703008
20.4454752,42.370256
20.4452672,42.3701696
20.445248,42.3701216
20.445248,42.3700704
20.4452704,42.3696608
20.445216,42.3696032
20.4450928,42.3695488
20.4450128,42.369536
20.4449296,42.3695136
20.444912,42.3694944
20.444912,42.3694944
20.4449008,42.3694816
20.4448928,42.3694464
20.4449024,42.369408
20.4449184,42.3693856
20.4449184,42.3693856
20.4448992,42.3694176
20.4448992,42.3694176
20.4448928,42.3694368
20.4448928,42.3694368
20.4448928,42.3694368
20.4448928,42.3694368
20.4448928,42.3694368
20.4448928,42.3694368
20.4448928,42.3694368
20.4448928,42.3694368
20.4449248,42.369424
20.4449232,42.3694112
20.4449024,42.369472
20.4449024,42.369472
20.4449024,42.369472
20.4449024,42.369472
20.4449024,42.369472
20.4449024,42.369472
20.4449728,42.369504
20.4449712,42.3694848
20.444992,42.3694464
20.4450256,42.3694272
20.4450256,42.3694272
20.4450304,42.3694464
20.4450096,42.3694848
20.4451136,42.3695296
20.445144,42.3695456
20.4452992,42.3696864
20.4452896,42.369744
20.4452688,42.3697824
20.4452496,42.3698048
20.4452496,42.3698048
20.4452496,42.3698048
20.4453152,42.3698432
20.4452912,42.3699392
20.4452192,42.3701504
20.4452192,42.3701504
20.4452192,42.3701504
20.4452096,42.370176
20.4452432,42.3701984
20.4453456,42.370224
20.4454496,42.3702464
20.4456544,42.3703168
20.4457104,42.3703712
20.4457296,42.3704448
20.4457232,42.3705248
20.4455744,42.371184
20.4451424,42.3724416
20.4451088,42.3730912
20.4450944,42.3737248
20.4450912,42.3742976
20.4450976,42.3743584
20.4450448,42.3744128
20.4449616,42.3744576
20.4441648,42.374752
20.443296,42.3750368
20.4429952,42.3751648
20.4428896,42.375264
20.4428496,42.375296
20.4428064,42.3753024
20.4427568,42.3752896
20.4425856,42.37528
20.4417472,42.375552
20.4408784,42.3757792
20.440048,42.3759776
20.439144,42.3761632
20.4384608,42.3762432
20.4379296,42.3759872
20.4371296,42.3756768
20.4364,42.3753024
20.435664,42.374928
20.4354624,42.3748448
20.4354624,42.3748448
20.4354624,42.374832
20.4352848,42.3747776
20.4349632,42.374736
20.4340528,42.3747456
20.4331936,42.3747776
20.4314,42.3748704
20.4298032,42.3750368
20.4295824,42.3751488
20.4294496,42.3752608
20.4289888,42.3756896
20.4287984,42.375728
20.4278864,42.3757664
20.4271872,42.3756768
20.426368,42.3754944
20.426224,42.3754688
20.426224,42.3754688
20.426224,42.3754688
20.426128,42.3754528
20.426048,42.3754464
20.4259408,42.3754592
20.425864,42.375488
20.425648,42.375552
20.4256016,42.3755392
20.4255632,42.3755104
20.4255088,42.3754432
20.4251936,42.3748928
20.4251104,42.3747872
20.424776,42.3741792
20.4243312,42.3735968
20.4238432,42.3730304
20.4233296,42.372528
20.422752,42.3720256
20.4226784,42.3719168
20.4226896,42.3718912
20.4227408,42.3718528
20.4228896,42.3717376
20.4229056,42.3716768
20.4228816,42.3716192
20.4227584,42.3715552
20.4225584,42.3714624
20.4225504,42.37144
20.4225536,42.371376
20.4225936,42.371296
20.4229072,42.3706656
20.4230192,42.370464
20.4230192,42.370464
20.4230192,42.370464
20.4230464,42.3704672
20.42308,42.370464
20.4230736,42.3704864
20.423104,42.3705088
20.4231664,42.3705408
20.4231664,42.3705408
20.4231664,42.3705408
20.4231632,42.3705344
20.4231632,42.3705344
20.4231632,42.3705344
20.4231632,42.3705344
20.4231632,42.3705344
20.4231632,42.3705344
20.4231632,42.3705344
20.4231632,42.3705344
20.4231632,42.3705344
20.4231632,42.3705344
20.4231632,42.3705344
20.4230848,42.3705056
20.4232272,42.3705888
20.4232368,42.370624
20.4232272,42.3707008
20.423168,42.3711232
20.423016,42.3715104
20.4228224,42.3718176
20.42276,42.3718496
20.4227216,42.3718592
20.4227216,42.3718592
20.4227216,42.3718592
20.4226768,42.3719264
20.4226928,42.3719744
20.4227184,42.3719968
20.4233024,42.3724928
20.4238912,42.3729856
20.4244048,42.373504
20.4247856,42.3740768
20.4251104,42.3746656
20.4254384,42.3752096
20.4255392,42.3752608
20.425728,42.3753024
20.4265952,42.3755136
20.4274096,42.3757312
20.427792,42.3757504
20.4286768,42.3757056
20.4289728,42.3756448
20.4290864,42.3755456
20.429624,42.3750944
20.4298608,42.375008
20.4302128,42.3749568
20.4311184,42.3749088
20.4320432,42.3748544
20.4328976,42.374816
20.4332976,42.3747872
20.4333376,42.3747904
20.4333776,42.3747872
20.4339088,42.3747968
20.4341696,42.3747968
20.4343456,42.3748288
20.4345328,42.3748192
20.4351504,42.3748128
20.4357664,42.3750144
20.4365536,42.375392
20.4372672,42.3757504
20.4378608,42.375968
20.438152,42.3760832
20.438896,42.376256
20.4399056,42.3760608
20.4407408,42.3758464
20.4415584,42.375632
20.4424096,42.3753472
20.4427184,42.3752544
20.4427792,42.3752672
20.4428112,42.3752864
20.4428368,42.3753152
20.4428496,42.3753504
20.442856,42.3754304
20.44272,42.3760832
20.442472,42.3767648
20.4421792,42.3773952
20.441872,42.3780288
20.4415968,42.3786496
20.441288,42.37928
20.4409968,42.3798944
20.4406944,42.3804928
20.4403952,42.3811296
20.4401056,42.3817344
20.4397696,42.3823584
20.4394992,42.3829984
20.4391424,42.3835744
20.4386464,42.3841184
20.4379984,42.3846752
20.4374736,42.3851776
20.43688,42.3857568
20.436304,42.3863328
20.4357984,42.3868576
20.4352896,42.3873888
20.43504,42.3877248
20.4349696,42.3879328
20.4348416,42.3879808
20.4347712,42.387984
20.4347072,42.3879712
20.4346544,42.3879392
20.4346128,42.3879008
20.4343808,42.3876672
20.43364,42.3872832
20.4333408,42.3871648
20.4331888,42.3871488
20.4330592,42.3871808
20.4329264,42.387248
20.4323856,42.3877952
20.4318464,42.3882944
20.43152,42.3885344
20.431456,42.3885344
20.4313968,42.3885152
20.4313424,42.3884896
20.4305952,42.3881088
20.430064,42.3880384
20.4293616,42.3881312
20.4290816,42.3882016
20.4289824,42.3882336
20.4285712,42.388416
20.4284896,42.3884608
20.4284896,42.3884608
20.4284896,42.3884608
20.4284272,42.3885088
20.428344,42.3885344
20.4279632,42.3886656
20.4279632,42.3886656
20.4279312,42.3886688
20.4278208,42.3887104
20.4271104,42.3889536
20.4269712,42.388944
20.4268288,42.388896
20.4268048,42.388896
20.4267792,42.3888992
20.4267024,42.3888992
20.4266464,42.3888832
20.4266288,42.3888672
20.4266048,42.3888448
20.4266048,42.3888448
20.4266048,42.3888448
20.4266048,42.3888448
20.4266048,42.3888448
20.4266048,42.3888448
20.4266048,42.3888448
20.4266048,42.3888448
20.4266048,42.3888448
20.4266048,42.3888448
20.4266048,42.3888448
20.4266048,42.3888448
20.4266048,42.3888448
20.4266048,42.3888448
20.4266048,42.3888448
20.4266048,42.3888448
20.4266048,42.3888448
20.4266048,42.3888448
20.4266048,42.3888448
20.4266048,42.3888448
20.4266048,42.3888448
20.4266048,42.3888448
20.4266048,42.3888448
20.4266048,42.3888448
20.4266048,42.3888448
20.4266048,42.3888448
20.4266048,42.3888448
20.4266048,42.3888448
20.4266048,42.3888448
20.4266048,42.3888448
20.4266048,42.3888448
20.4266048,42.3888448
20.4266048,42.3888448
20.4266048,42.3888448
20.4266048,42.3888448
20.4266048,42.3888448
20.4266048,42.3888448
20.4266048,42.3888448
20.4266048,42.3888448
20.4266048,42.3888448
20.4266048,42.3888448
20.4266048,42.3888448
20.4266048,42.3888448
20.4266048,42.3888448
20.4266048,42.3888448
20.4266048,42.3888448
20.4266048,42.3888448
20.4266048,42.3888448
20.4266048,42.3888448
20.4266048,42.3888448
20.4266048,42.3888448
20.4266048,42.3888448
20.4266048,42.3888448
20.4266048,42.3888448
20.4266048,42.3888448
