20.4266192,42.3887968
20.4266192,42.3887968
20.4266192,42.3887968
20.4266192,42.3887968
20.4266192,42.3887968
20.4266192,42.3887968
20.4266192,42.3887968
20.4266192,42.3887968
20.4266192,42.3887968
20.4266192,42.3887968
20.4266192,42.3887968
20.4266192,42.3887968
20.4266192,42.3887968
20.4266192,42.3887968
20.4266192,42.3887968
20.4266192,42.3887968
20.4266192,42.3887968
20.4266192,42.3887968
20.4266192,42.3887968
20.4266192,42.3887968
20.4266192,42.3887968
20.4266192,42.3887968
20.4266192,42.3887968
20.4266192,42.3887968
20.4266192,42.3887968
20.4266192,42.3887968
20.4266192,42.3887968
20.4266192,42.3887968
20.4266192,42.3887968
20.4266192,42.3887968
20.4266192,42.3887968
20.4266192,42.3887968
20.4264064,42.3889952
20.4264032,42.3890048
20.4263936,42.3890112
20.4263584,42.3890144
20.4263552,42.3890112
20.4263536,42.3890048
20.4263744,42.3889664
20.4263968,42.3889248
20.4265664,42.388832
20.4265824,42.3888384
20.426592,42.3888384
20.4267712,42.388912
20.4267872,42.3889152
20.4268448,42.3889312
20.426848,42.388928
20.4268512,42.388928
20.4268576,42.3889248
20.426864,42.3889248
20.426864,42.3889248
20.4270032,42.3889312
20.4270256,42.3889312
20.4326896,42.3873984
20.4326896,42.3873984
20.4326896,42.3873888
20.4327728,42.3872992
20.438496,42.38968
20.4385472,42.3896576
20.4386208,42.3896992
20.4386208,42.3896992
20.4386384,42.3897856
20.4386736,42.3898016
20.4387264,42.3899168
20.4387232,42.3899104
20.4387136,42.3899104
20.4385296,42.3899008
20.4290416,42.3846496
20.4290368,42.3846464
20.4289984,42.384656
20.4288864,42.3846144
20.430336,42.3832064
20.4303376,42.3832096
20.430352,42.3832448
20.4304016,42.3831328
20.4304064,42.38312
20.430408,42.38312
20.4304256,42.3831072
20.4304816,42.3830144
20.430488,42.3830048
20.4304944,42.3829952
20.4304944,42.382992
20.430496,42.3829856
20.4305248,42.3829152
20.4306,42.3827392
20.4305968,42.382736
20.4305968,42.3826912
20.4306048,42.38264
20.430624,42.3825888
20.4306224,42.3825888
20.4306208,42.3825792
20.430656,42.3824928
20.43072,42.38224
20.4307152,42.3822368
20.43072,42.3822016
20.430736,42.3821312
20.4308096,42.3817824
20.4308064,42.3817792
20.4307568,42.3817248
20.430776,42.3816832
20.4308816,42.3814432
20.430888,42.3814464
20.4309136,42.3814304
20.4309392,42.3813792
20.4309232,42.381344
20.4309248,42.381328
20.4309536,42.3811872
20.4309536,42.381184
20.4309536,42.3811712
20.4309616,42.3810816
20.4309888,42.3809024
20.4309888,42.3809024
20.4309904,42.3808928
20.4309984,42.3808096
20.431,42.3808064
20.4309904,42.3807616
20.4309872,42.3806944
20.4309872,42.380672
20.4309872,42.380672
20.4309872,42.3806688
20.4310016,42.3805568
20.4310272,42.3803648
20.4310304,42.3803648
20.4309808,42.380288
20.4309808,42.3802592
20.4310496,42.3797408
20.4310512,42.3797408
20.4310528,42.3797376
20.4310544,42.3797344
20.4310576,42.3797024
20.4310672,42.3796224
20.4310816,42.379472
20.4310816,42.379472
20.4310816,42.3794656
20.4310816,42.379456
20.4310672,42.3794304
20.431072,42.37936
20.4311008,42.379056
20.4311008,42.379056
20.4311168,42.3790144
20.4311232,42.378944
20.4311264,42.378896
20.4311264,42.378896
20.431152,42.378864
20.431152,42.378784
20.431152,42.3787808
20.4311472,42.3787616
20.431144,42.3787456
20.4311472,42.3786656
20.4311568,42.3786496
20.4311584,42.3786496
20.4311824,42.3786432
20.4312112,42.3785504
20.4312224,42.3785184
20.4312256,42.3785216
20.4312112,42.3784928
20.4312496,42.3783808
20.4370464,42.3697536
20.437048,42.3697536
20.437008,42.3697408
20.4369168,42.3697056
20.4367424,42.3696672
20.436744,42.369664
20.4367312,42.3696448
20.4366192,42.3696224
20.4364448,42.3695648
20.4364464,42.3695648
20.4363968,42.369536
20.4363344,42.369504
20.4360544,42.3697888
20.436056,42.369792
20.4360544,42.369792
20.4360816,42.36968
20.4363056,42.3695008
20.4363056,42.3694944
20.4364224,42.3694816
20.4364512,42.3694816
20.4365424,42.3695168
20.4365312,42.3695136
20.4365104,42.3695136
20.4366704,42.3695488
20.4367088,42.3695712
20.4367072,42.3695744
20.4366976,42.3695936
20.4367536,42.369632
20.4368112,42.369616
20.4368368,42.369632
20.437696,42.369808
20.4376912,42.369808
20.4377744,42.3698336
20.437912,42.3698464
20.4379136,42.3698464
20.4380576,42.3698688
20.4380768,42.3698688
20.4381936,42.369888
20.438192,42.369888
20.4381616,42.3699008
20.4382528,42.3699104
20.4382992,42.3699136
20.4382992,42.3699136
20.438352,42.3699072
20.4384096,42.3699104
20.4385056,42.3699008
20.4385056,42.3699008
20.4385664,42.3699104
20.4386272,42.3699072
20.4387232,42.36992
20.4387248,42.3699136
20.438776,42.3699072
20.4388768,42.3699232
20.4389568,42.3699264
20.4389552,42.3699264
20.4390208,42.369888
20.4391024,42.3699104
20.4392608,42.3699392
20.4392592,42.3699424
20.4392816,42.3699616
20.4393856,42.3699872
20.4394352,42.37
20.4394352,42.37
20.4394416,42.3700384
20.4395504,42.3700384
20.4395504,42.370032
20.439632,42.3700224
20.439688,42.3700384
20.4397056,42.3700384
20.4398544,42.3700448
20.4398576,42.3700448
20.4399008,42.3700384
20.4399968,42.3700448
20.4400048,42.3700448
20.440008,42.3700448
20.4400192,42.370064
20.4400272,42.370064
20.4400656,42.370064
20.4401136,42.370064
20.4402576,42.3700416
20.4402768,42.3700416
20.4403824,42.3700608
20.440384,42.3700608
20.440424,42.37008
20.440456,42.37008
20.4404672,42.370064
20.4405312,42.3700768
20.440576,42.3701088
20.4405744,42.3701088
20.4405744,42.3701568
20.4406512,42.370192
20.4406752,42.3702176
20.4406752,42.3702176
20.4407408,42.3702176
20.4407648,42.3702816
20.4407616,42.3703264
20.4407648,42.3703296
20.4407808,42.370368
20.4407776,42.3704352
20.440784,42.3705184
20.440784,42.3705152
20.4408208,42.370528
20.4408208,42.3706144
20.4408176,42.3706784
20.4408128,42.3706784
20.4407792,42.37072
20.4407696,42.3707456
20.440768,42.3707616
20.440768,42.3707648
20.4408288,42.3708448
20.4408352,42.3708448
20.4408544,42.3708448
20.441128,42.3709216
20.4411424,42.3709216
20.44136,42.3709024
20.441368,42.3709024
20.4413696,42.3709024
20.4415056,42.3709216
20.4415168,42.3709184
20.4415248,42.3709216
20.4415632,42.3709216
20.4415664,42.3709184
20.4415664,42.3709184
20.4417312,42.3709344
20.4417456,42.3709344
20.4423712,42.3711904
20.4423712,42.3711904
20.442344,42.3712096
20.4423568,42.3712832
20.4423584,42.3713696
20.4423568,42.3713696
20.4423776,42.3713152
20.4423728,42.3712288
20.4423696,42.3710112
20.4423696,42.3710112
20.4423696,42.3708768
20.4423664,42.370864
20.4423504,42.3707008
20.4423504,42.3706976
20.4423504,42.3706976
20.4423536,42.3706784
20.4423792,42.370656
20.442384,42.3706144
20.4423824,42.370608
20.4423664,42.3705696
20.4423504,42.3705472
20.442352,42.3705248
20.4423472,42.3705248
20.4423424,42.3705248
20.4423328,42.3705152
20.4423712,42.3703264
20.4423712,42.3703168
20.4423696,42.370288
20.442368,42.3702848
20.442368,42.3702848
20.442368,42.3702848
20.4423568,42.3701824
20.44236,42.3701184
20.4423632,42.3701184
20.4423696,42.3701056
20.442368,42.3700992
20.4423472,42.3700224
20.4423472,42.3700096
20.4423504,42.3699904
20.4423488,42.3699904
20.442352,42.3699328
20.4423504,42.3698912
20.442344,42.36968
20.4423424,42.36968
20.4423728,42.3697856
20.4423728,42.369808
20.442352,42.3701888
20.4423504,42.3701856
20.4423248,42.3701664
20.442288,42.37016
20.442288,42.37016
20.4422016,42.37016
20.4420256,42.3701856
20.4420256,42.3701824
20.4420592,42.3701472
20.4420192,42.3700832
20.442016,42.3700768
20.442016,42.369984
20.4420128,42.3699712
20.44196,42.3698944
20.4419552,42.3698944
20.4419056,42.3698624
20.441872,42.369808
20.4417328,42.3697952
20.4417328,42.3697952
20.441712,42.3699136
20.4417232,42.3699712
20.4417216,42.3699776
20.4417264,42.3699936
20.4417264,42.3700864
20.44156,42.370288
20.44156,42.370288
20.4414192,42.3703168
20.4414064,42.3703104
20.4412176,42.3702432
20.4411952,42.37024
20.4411168,42.3702112
20.4411168,42.3702112
20.4410816,42.3701984
20.44108,42.3701984
20.4409408,42.37016
20.4409168,42.3701632
20.4409168,42.3701664
20.4409248,42.3701696
20.440928,42.3702112
20.4408304,42.3701856
20.4408016,42.3701376
20.4407728,42.3701088
20.440744,42.3698592
20.440744,42.3698528
20.44076,42.3698304
20.4407744,42.3697632
20.44076,42.3697536
20.44076,42.3697536
20.4407616,42.3697504
20.44076,42.36968
20.440824,42.3694176
20.4408224,42.3694048
20.4407904,42.3693536
20.4407888,42.3693536
20.440696,42.369312
20.4406816,42.3693088
20.4403568,42.3693088
20.4403536,42.369312
20.4403408,42.3693152
20.4402672,42.3693056
20.440256,42.3693024
20.4401248,42.3692704
20.4401088,42.3692672
20.4400352,42.3692544
20.4400336,42.3692544
20.4397984,42.369296
20.4397872,42.3693056
20.4396512,42.3693248
20.439648,42.3693184
20.4395392,42.369216
20.4395376,42.3692032
20.4395904,42.369136
20.4395904,42.3691392
20.4396208,42.3691328
20.4397296,42.3691264
20.4397392,42.3691296
20.4397568,42.369136
20.4398096,42.369184
20.4398192,42.3691904
20.4398192,42.3691872
20.4398192,42.3691872
20.439832,42.3691744
20.4399744,42.3692384
20.4407248,42.3693248
20.4407248,42.3693248
20.4407776,42.369328
20.4408624,42.369344
20.4408624,42.369344
20.4408928,42.3693472
20.4409328,42.3693536
20.4409472,42.3693632
20.4409584,42.3693664
20.4409664,42.3693664
20.4410768,42.3693728
20.4410816,42.3693632
20.4410816,42.3693632
20.4414656,42.3694752
20.4414784,42.3694816
20.44156,42.3694528
20.4415648,42.3694528
20.4416592,42.3694688
20.4417056,42.3694432
20.4417968,42.3693664
20.4417968,42.3693664
20.4418064,42.369264
20.4418016,42.3692512
20.441768,42.3691456
20.4417584,42.3691392
20.441856,42.3691296
20.4418576,42.3690656
20.4418752,42.3688896
20.4418704,42.3688864
20.441856,42.3688256
20.4418672,42.3688128
20.442032,42.3686752
20.4420336,42.3686752
20.4419952,42.368672
20.4419472,42.3686272
20.4417856,42.3685792
20.441784,42.368576
20.441736,42.3685408
20.441656,42.3685568
20.441624,42.3685632
20.4416224,42.3685632
20.4414288,42.3685792
20.4414064,42.3685792
20.441248,42.3685824
20.441248,42.3685824
20.4412192,42.3685568
20.4410992,42.3685568
20.4410576,42.3685536
20.4410576,42.3685568
20.4409968,42.3685184
20.4409312,42.3685152
20.4409312,42.3685184
20.4409312,42.3685184
20.4407328,42.3685312
20.4407184,42.3685312
20.44052,42.368512
20.4405152,42.3685088
20.4405152,42.3685088
20.4403552,42.3685024
20.4403424,42.3685024
20.4403264,42.3685024
20.440312,42.3685024
20.4400976,42.368528
20.440096,42.368528
20.4400864,42.368528
20.4400864,42.368528
20.4398864,42.3685376
20.4398704,42.3685376
20.4397984,42.3684992
20.4397984,42.3685024
20.439632,42.3684512
20.4396128,42.3684544
20.4395424,42.3685408
20.4394832,42.368576
20.4395344,42.3686272
20.4395616,42.3686144
20.4396416,42.3686176
20.4396464,42.3686144
20.4397456,42.3685504
20.4397568,42.3685408
20.44072,42.3686816
20.4407184,42.3686784
20.4406688,42.3686912
20.440712,42.368768
20.440712,42.3687712
20.440712,42.3688
20.4407296,42.3688576
20.4407392,42.3688928
20.4407328,42.3689312
20.4407312,42.3689312
20.4407312,42.3689312
20.4407216,42.3689344
20.44076,42.3689568
20.4407632,42.36904
20.4407632,42.36904
20.4407712,42.3691296
20.4407712,42.3691264
20.4407232,42.3690944
20.4407312,42.3691392
20.4407456,42.3692704
20.4407488,42.3692928
20.440432,42.3711936
20.440432,42.3711968
20.4404112,42.3712128
20.440392,42.3713312
20.4562192,42.3740032
20.4562208,42.3740032
20.4562208,42.374
20.4561312,42.37392
20.4561312,42.37392
20.455832,42.373904
20.4558224,42.373904
20.4558112,42.373904
20.4557232,42.3739296
20.455616,42.3739808
20.4556672,42.3740384
20.4556672,42.3740384
20.455656,42.3740416
20.4556528,42.3740384
20.455624,42.3739648
20.4556464,42.373952
20.4556272,42.3739616
20.4557168,42.3739328
20.4358464,42.3750112
20.4358432,42.3750112
20.4358176,42.375008
20.4357184,42.3749632
20.4347568,42.370336
20.4347568,42.370336
20.4347632,42.3703104
20.4347952,42.3702112
20.436256,42.3702592
20.4362576,42.3702592
20.4363072,42.3702784
20.4363744,42.3702848
20.436384,42.370288
20.4364,42.3702912
20.436424,42.3702976
20.4365232,42.3703104
20.4368496,42.3703616
20.4368496,42.3703616
20.4368832,42.3703552
20.437008,42.3703776
20.4373264,42.3704224
20.437328,42.3704224
20.4373296,42.3704576
20.4374432,42.3704672
20.4374832,42.3704672
20.4374848,42.3704672
20.437496,42.3704608
20.4376208,42.3704768
20.4376912,42.3704864
20.4376928,42.3704864
20.437744,42.3704448
20.4378048,42.3704544
20.4378608,42.3704576
20.4378624,42.3704576
20.4378864,42.370464
20.4379552,42.3704768
20.4379696,42.3704704
20.4379696,42.3704704
20.438064,42.3704864
20.43812,42.3704896
20.4381264,42.370496
20.438128,42.3704896
20.438128,42.3704896
20.4381664,42.37048
20.4382896,42.3705056
20.4383808,42.370528
20.4383808,42.3705344
20.4384608,42.3705664
20.4384976,42.3705792
20.438536,42.3705856
20.4385488,42.3705632
20.4386928,42.3705856
20.4394432,42.3706624
20.4394416,42.370656
20.4394512,42.3706432
20.4395024,42.3706464
20.4397312,42.3707072
20.4397488,42.3707072
20.4398496,42.37072
20.4398512,42.37072
20.4398608,42.3707232
20.4398608,42.3707232
20.4398944,42.3707168
20.4399984,42.3707328
20.4400208,42.370736
20.4400192,42.370736
20.440224,42.3707776
20.4402528,42.3707808
20.4403136,42.370784
20.4403136,42.370784
20.4404864,42.3708
20.4405328,42.3708064
20.4423312,42.3681952
20.442328,42.3681984
20.4422704,42.3682144
20.4423072,42.3681856
20.442312,42.3681728
20.4423488,42.3680768
20.4423664,42.3679776
20.4423664,42.3679776
20.4423712,42.3679744
20.4424064,42.3678688
20.4424064,42.3678656
20.4423904,42.3678368
20.4424416,42.36776
20.44248,42.3677248
20.44248,42.367728
20.4424864,42.367728
20.4424896,42.367728
20.4424928,42.3677248
20.4425472,42.367648
20.4428528,42.3673248
20.4428528,42.3673248
20.4428448,42.3673056
20.442864,42.367248
20.4428672,42.3672416
20.4430416,42.3670656
20.4430464,42.3670624
20.4430976,42.367024
20.4430944,42.3669952
20.4430944,42.3669952
20.4431088,42.3669952
20.4430816,42.3668928
20.4430864,42.3668288
20.4430864,42.3668288
20.4431136,42.3668096
20.4431856,42.366752
20.4432224,42.3666912
20.4432224,42.3666944
20.443224,42.3667104
20.4433008,42.3665952
20.4433376,42.3665472
20.4433376,42.3665472
20.4433824,42.366496
20.4434096,42.3664768
20.4434416,42.3664352
20.4434416,42.3664352
20.4434544,42.3663488
20.4434592,42.3663328
20.44348,42.3662688
20.44348,42.3662688
20.443496,42.3662592
20.4435616,42.3661568
20.4431632,42.3661504
20.4431584,42.3661472
20.443104,42.3661376
20.4430496,42.3662176
20.4429744,42.366336
20.442952,42.3663584
20.4429056,42.3664352
20.4429488,42.3664064
20.4429488,42.3663936
20.442944,42.3663744
20.4429344,42.366368
20.4429104,42.366352
20.4429456,42.3664096
20.442864,42.3665504
20.4425808,42.3669056
20.4425808,42.3669056
20.4423808,42.367152
20.4423712,42.3671648
20.4422992,42.36728
20.4422976,42.3672832
20.4422944,42.3672896
20.4422848,42.3673024
20.4422704,42.3673472
20.4422608,42.3673632
20.4422096,42.3674656
20.4422096,42.3674688
20.4421216,42.3675872
20.44212,42.3675968
20.4421184,42.3676
20.4421136,42.3676032
20.4420816,42.3676064
20.4420512,42.367696
20.4420448,42.3677184
20.4420448,42.3677248
20.4420512,42.36776
20.4420192,42.3678272
20.4419872,42.3678656
20.4419872,42.3678656
20.4417824,42.3681376
20.441776,42.3681504
20.4417664,42.36816
20.4417712,42.3681568
20.4417808,42.3681632
20.441664,42.368224
20.4413536,42.368224
20.4413536,42.368224
20.441328,42.3682208
20.4412144,42.3682112
20.4411968,42.3681376
20.4411968,42.3681376
20.4411872,42.3681536
20.4412384,42.368032
20.441272,42.367952
20.441272,42.367952
20.4412896,42.3679264
20.4414112,42.3679008
20.44152,42.3678528
20.4415232,42.3678528
20.4415248,42.3678464
20.4415664,42.3678016
20.4416048,42.3677472
20.4416048,42.3677472
20.4416192,42.3677248
20.4416496,42.367664
20.4416992,42.3675776
20.4416992,42.3675776
20.4417136,42.3675584
20.4417616,42.3674848
20.4418112,42.3674016
20.4418128,42.3674016
20.4418816,42.3673856
20.44192,42.3673408
20.441992,42.3673376
20.4419872,42.3673376
20.4421232,42.3673632
20.440088,42.370752
20.4400864,42.370752
20.4399184,42.370768
20.4399072,42.370768
20.4398976,42.3707648
20.4398464,42.3707584
20.4398096,42.3707552
20.4397408,42.3707424
20.4396208,42.3707264
20.4396192,42.3707264
20.4395904,42.3707264
20.4394496,42.3707008
20.4394176,42.3706944
20.4394144,42.3706944
20.439392,42.3706848
20.4393696,42.3706784
20.4392704,42.3706624
20.438496,42.3705568
20.4384944,42.37056
20.4383728,42.3705536
20.4383424,42.3705536
20.4377808,42.3704576
20.4377808,42.3704576
20.4377888,42.370464
20.437824,42.3705216
20.4378144,42.3706592
20.4378096,42.3706688
20.4377392,42.371024
20.437736,42.371024
20.4377328,42.3710304
20.4377264,42.37104
20.437696,42.3711744
20.4375488,42.371808
20.4375488,42.371808
20.4375552,42.3717792
20.437584,42.3716736
20.4375856,42.3716704
20.4375952,42.3716576
20.4376128,42.3716
20.437616,42.371568
20.437616,42.3715616
20.4376208,42.3715584
20.4376752,42.3713536
20.437672,42.371312
20.4376704,42.371312
20.437672,42.3712992
20.4376832,42.3712192
20.4376832,42.3712128
20.4376912,42.3712032
20.4376912,42.3711648
20.4377056,42.371104
20.4377408,42.3710432
20.4377408,42.3710432
20.4377712,42.3709728
20.4377744,42.3709568
20.4377744,42.3709472
20.4377792,42.3709216
20.4377392,42.3708576
20.4377424,42.3708448
20.4377536,42.370832
20.4377536,42.370832
20.4378416,42.3706816
20.4378416,42.3706752
20.4378432,42.3706624
20.4378464,42.37064
20.4378464,42.3706048
20.4378464,42.3706048
20.4378224,42.3706144
20.4374816,42.3704704
20.4374784,42.3704704
20.4374784,42.3704704
20.4374576,42.3704576
20.4373728,42.3704448
20.4373728,42.3704448
20.437288,42.3704416
20.4371568,42.3704256
20.4367712,42.370368
20.4367696,42.3703712
20.4367328,42.3703648
20.4366576,42.3703552
20.4366192,42.3703424
20.4366192,42.3703424
20.4365744,42.3703264
20.436472,42.3703232
20.4363008,42.3702912
20.4362976,42.3702912
20.4362576,42.3702688
20.4361728,42.3702656
20.4358448,42.3702464
20.4358448,42.3702464
20.4357808,42.37024
20.4357632,42.3702368
20.4356912,42.3702272
20.4356896,42.3702272
20.4356512,42.3702368
20.4356176,42.370224
20.4355568,42.3702176
20.4355376,42.3702176
20.4354592,42.3701696
20.4354624,42.3701664
20.43528,42.3701824
20.435264,42.3701824
20.4352032,42.3701856
20.4352096,42.3701824
20.4352096,42.3701792
20.435104,42.3701696
20.4350384,42.3701312
20.4350192,42.370128
20.4324352,42.3732064
20.432432,42.3732064
20.4324096,42.3732416
20.4323344,42.3733024
20.4321536,42.3734656
20.4321408,42.3734848
20.4320432,42.3735584
20.43008,42.3749056
20.43008,42.3749056
20.43008,42.3749056
20.4299328,42.3750016
20.4279312,42.3835424
20.4279344,42.3835456
20.4279408,42.3835488
20.4279536,42.3836608
20.4282976,42.3842624
20.4283008,42.3842624
20.4283072,42.3842656
20.4283408,42.3842784
20.4284832,42.3843232
20.4427408,42.3753248
20.442744,42.3753248
20.4427568,42.3752672
20.4427936,42.3752352
20.4461312,42.3740736
20.4461312,42.3740736
20.4461728,42.3740288
20.4468,42.3738176
20.4468,42.3738176
20.446816,42.3738112
20.4469472,42.3738592
20.4532944,42.3737952
20.453296,42.3737952
20.4532736,42.3738016
20.4534496,42.3738048
20.45516,42.3741088
20.4551888,42.3740896
20.4551888,42.374
20.4551952,42.3739968
20.4551952,42.3739968
20.4552048,42.3739808
20.455192,42.3739968
20.4551728,42.374016
20.4551104,42.3741376
20.4551888,42.3741536
20.4551888,42.3741536
20.4551824,42.37416
20.4552176,42.3741536
20.455176,42.3740352
20.4468352,42.3738784
20.4468288,42.3738784
20.446728,42.3738848
20.4282416,42.3883328
20.42824,42.3883296
20.4281808,42.3883168
20.4281936,42.3882624
20.4281984,42.3882688
20.428224,42.3883328
20.4282336,42.3883328
20.428328,42.3884736
20.4270016,42.3889536
20.4269984,42.3889536
20.4269888,42.3889536
20.4268704,42.3889344
20.426864,42.3889344
20.426864,42.3889344
20.426832,42.3889376
20.4267056,42.3889152
20.426424,42.389008
20.4264208,42.389008
20.4264144,42.3890112
20.426416,42.3890048
20.4264864,42.3889344
20.426464,42.3889536
20.4264704,42.3889504
20.4265136,42.3889088
20.4265168,42.3889088
20.4265216,42.3889088
20.4265136,42.388912
20.4263904,42.3889376
20.4263936,42.388944
20.4264112,42.3889472
20.4264128,42.3889472
20.4264128,42.388944
20.4264544,42.3889184
20.426464,42.3889088
20.426464,42.388912
20.4264672,42.3889184
20.4264736,42.388912
20.426536,42.388896
20.4265392,42.388896
20.4265392,42.388896
20.4265328,42.388896
20.426416,42.3889344
20.426416,42.3889344
20.426416,42.3889344
20.426416,42.3889344
20.426416,42.3889344
20.426416,42.3889344
20.426416,42.3889344
20.426416,42.3889344
20.426416,42.3889344
20.426416,42.3889344
20.426416,42.3889344
20.426416,42.3889344
20.426416,42.3889344
20.426416,42.3889344
20.426416,42.3889344
20.426416,42.3889344
20.426416,42.3889344
20.426416,42.3889344
20.426416,42.3889344
20.426416,42.3889344
20.426416,42.3889344
20.426416,42.3889344
20.426416,42.3889344
20.426416,42.3889344
20.426416,42.3889344
20.426416,42.3889344
20.426416,42.3889344
20.426416,42.3889344
20.426416,42.3889344
20.426416,42.3889344
20.426416,42.3889344
20.426416,42.3889344
20.426416,42.3889344
20.426416,42.3889344
20.426416,42.3889344
20.426416,42.3889344
20.426416,42.3889344
20.426416,42.3889344
20.426416,42.3889344
20.426416,42.3889344
20.426416,42.3889344
20.426416,42.3889344
20.426416,42.3889344
20.426416,42.3889344
20.426416,42.3889344
20.426416,42.3889344
20.426416,42.3889344
20.426416,42.3889344
20.426416,42.3889344
20.426416,42.3889344
20.426416,42.3889344
20.426416,42.3889344
20.426416,42.3889344
20.426416,42.3889344
20.426416,42.3889344
20.426416,42.3889344
20.426416,42.3889344
20.426416,42.3889344
20.426416,42.3889344
20.426416,42.3889344
20.426416,42.3889344
20.426416,42.3889344
20.426416,42.3889344
20.426416,42.3889344
20.426416,42.3889344
20.426416,42.3889344
20.426416,42.3889344
20.4264144,42.388896
20.42656,42.388848
20.4267504,42.3888736
20.426752,42.3888768
20.4267408,42.3888768
20.4267184,42.3888704
20.4267424,42.3888736
20.426848,42.3888992
20.4269392,42.3888896
20.4269568,42.3888928
20.4269936,42.3888928
20.4269968,42.3888928
20.4269968,42.388896
20.4271552,42.3888832
20.4272256,42.3888672
20.4272256,42.3888672
20.4272272,42.3888672
20.4273392,42.3888192
20.4275296,42.3887904
20.427528,42.3887904
20.4273744,42.388864
20.4263824,42.3889088
20.4263744,42.3889088
20.4263584,42.3889152
20.4265344,42.388864
20.426536,42.3888544
20.4265392,42.388848
20.4265488,42.3888384
20.4265504,42.3888448
20.4266784,42.3888704
20.426672,42.3888736
20.4265488,42.388896
20.426536,42.3888928
20.4265136,42.3888928
20.4265024,42.388848
20.4266912,42.3888288
20.4268192,42.3888704
20.4268224,42.3888736
20.4268432,42.3888768
20.4269008,42.388912
20.4269408,42.3889248
20.4275456,42.3887552
20.4275472,42.3887552
20.427568,42.3887488
20.4277056,42.3886976
20.4278864,42.388672
20.4278816,42.388672
20.42788,42.3886784
20.427736,42.38872
20.4263776,42.388896
20.4263808,42.3888992
20.4263872,42.3888992
20.4263872,42.3888992
20.4263872,42.3889056
20.4263872,42.3889088
20.4263872,42.3889088
20.4265552,42.388864
20.426584,42.3888672
20.42664,42.3888512
20.42664,42.3888512
20.426552,42.3888672
20.4265504,42.3888864
20.4265904,42.3888352
20.4265792,42.3888672
20.4268016,42.3888928
20.4268384,42.3889056
20.4268416,42.388912
20.4268432,42.3888992
20.4268432,42.3888992
20.426952,42.3889248
20.4269824,42.3889376
20.4268976,42.3891136
20.4268992,42.3891136
20.4268448,42.3891136
20.4268048,42.3891808
20.4267408,42.389328
20.4267408,42.389328
20.4267056,42.3893696
20.42668,42.3894048
20.4266432,42.3894656
20.42664,42.3894688
20.4266048,42.3894944
20.426576,42.3895392
20.4265568,42.3895712
20.4265248,42.3896096
20.4265056,42.389632
20.426272,42.3899456
20.426272,42.3899456
20.426256,42.3899712
20.4262032,42.3900416
20.4261424,42.3901248
20.4261424,42.390128
20.426136,42.3901376
20.4260544,42.3902336
20.4256336,42.390704
20.4256336,42.390704
20.4256112,42.3907264
20.4255712,42.3907776
20.4255136,42.3908448
20.425512,42.3908448
20.4255168,42.3908896
20.4254576,42.3909504
20.4256768,42.3906528
20.4256784,42.3906528
20.4257104,42.3906176
20.4257664,42.3905568
20.4267456,42.3899072
20.4267424,42.389904
20.4267312,42.3899168
20.426832,42.3899968
20.4270192,42.3900992
20.4270176,42.3900992
20.4270576,42.3901152
20.4271216,42.390176
20.4271616,42.3902176
20.42716,42.3902144
20.4272464,42.3901088
20.4282416,42.3903136
20.4282448,42.3903072
20.428232,42.3902976
20.4282048,42.3902976
20.4281712,42.3902784
20.4281792,42.3902784
20.428384,42.3903328
20.4283904,42.3903424
20.4284192,42.3903968
20.4284464,42.390464
20.4284432,42.3904544
20.42844,42.3904128
20.42844,42.3904128
20.42844,42.3904128
20.4284432,42.3904256
20.4283872,42.3905472
20.428392,42.3905344
20.4281424,42.3902848
20.428144,42.3902848
20.4278432,42.390208
20.4278272,42.3902048
20.4277952,42.3901824
20.4277936,42.3901792
20.4276752,42.3901376
20.4276736,42.3901376
20.4276192,42.390144
20.4274928,42.3900992
20.4272096,42.390464
20.427208,42.390464
20.427176,42.390544
20.4271744,42.3905632
20.4271712,42.390576
20.4271696,42.3905952
20.4271696,42.3905952
20.4271856,42.390624
20.4271664,42.3906656
20.4271648,42.390656
20.4271552,42.3906976
20.4271216,42.3908192
20.4271216,42.3908192
20.4271152,42.3908416
20.427096,42.390912
20.4270384,42.3911232
20.4270384,42.39112
20.427032,42.391136
20.427008,42.3912096
20.4270096,42.3912128
20.4270096,42.391216
20.426984,42.3912224
20.4269392,42.3913056
20.4269344,42.3913152
20.4269328,42.3913184
20.4269296,42.391328
20.42692,42.39136
20.4267904,42.3914784
20.4267824,42.3914912
20.4267488,42.3916832
20.426752,42.3916832
20.4267744,42.3917312
20.4267488,42.3917856
20.4251264,42.3913856
20.4251232,42.3913856
20.425304,42.3913536
20.4258096,42.3915744
20.425808,42.3915776
20.425816,42.391584
20.425936,42.3916352
20.4263008,42.3918048
20.4263056,42.3918048
20.4263584,42.3917984
20.4264208,42.3918048
20.4264352,42.3918048
20.42644,42.3917984
20.4265168,42.3918144
20.4265664,42.3918336
20.4267888,42.3921056
20.4267904,42.3921056
20.4267936,42.3921344
20.4267616,42.3921952
20.4267584,42.3922016
20.4267584,42.3922016
20.4267584,42.3922016
20.4267488,42.3922496
20.426728,42.3923104
20.4267232,42.39232
20.4267216,42.39232
20.426696,42.3923712
20.4266848,42.3924096
20.4266848,42.392464
20.4266848,42.392464
20.426688,42.3924736
20.4266752,42.3925728
20.426656,42.3927168
20.426656,42.3927168
20.4266336,42.39272
20.4266224,42.392816
20.4265808,42.3932064
20.4265808,42.3932064
20.426576,42.393232
20.4265648,42.3932928
20.4265648,42.393296
20.4265648,42.3933024
20.4265504,42.3933376
20.4265312,42.3934048
20.4265264,42.3934176
20.426512,42.393504
20.4264448,42.3937888
20.4264144,42.3939776
20.4264144,42.3939776
20.4264128,42.3939872
20.4263856,42.394048
20.4264016,42.39408
20.426392,42.3940928
20.4263376,42.3942176
20.426336,42.3942176
20.4263088,42.3942208
20.4262944,42.394272
20.426312,42.3943168
20.4263056,42.3943328
20.4262128,42.394592
20.4261856,42.394656
20.4261792,42.3946688
20.426168,42.3946944
20.4261488,42.3947424
20.4261472,42.394736
20.4261296,42.3947648
20.42608,42.3948352
20.4255968,42.3979392
20.4255968,42.3979392
20.4256128,42.397952
20.4256624,42.3980608
20.4278112,42.40096
20.4278112,42.40096
20.4271152,42.4010464
20.4271008,42.4010464
20.4268912,42.4010784
20.4268912,42.4010784
20.4268224,42.4010976
20.4268112,42.4011008
20.4268,42.4011008
20.4267536,42.4011008
20.426696,42.4010784
20.426696,42.4010816
20.4266112,42.401104
20.4265904,42.4010976
20.4265488,42.4011008
20.425264,42.4011168
20.4252688,42.4011104
20.4252704,42.4011168
20.4252384,42.4011712
20.4252048,42.4011456
20.4252192,42.4011296
20.4252256,42.4011296
20.4252784,42.4009824
20.4259088,42.3975968
20.4259088,42.3975968
20.4260464,42.3976256
20.4260592,42.3976224
20.426504,42.3974496
20.426504,42.3974496
20.4262624,42.3975872
20.4262464,42.3975904
20.4262112,42.397648
20.4262112,42.397648
20.4262032,42.3976448
20.426088,42.3976352
20.4260272,42.3976256
20.426016,42.3976256
20.4260032,42.3976224
20.425968,42.3975232
20.425968,42.3975136
20.4259648,42.3974272
20.4259632,42.3974176
20.4259456,42.3973248
20.425944,42.3973152
20.4259344,42.397264
20.4258992,42.3971072
20.4259072,42.3970976
20.4259904,42.3970656
20.4259904,42.3970656
20.426336,42.3969728
20.426352,42.3969664
20.4263808,42.3969536
20.4263808,42.3969536
20.4264528,42.3969216
20.4264992,42.3968992
20.4271808,42.3966016
20.4271808,42.3966016
20.4272912,42.39656
20.4273104,42.3965536
20.4274656,42.3964896
20.4274656,42.3964896
20.4274672,42.396464
20.4275696,42.396416
20.4276224,42.3963104
20.427624,42.3963136
20.4276224,42.3962144
20.4276224,42.3961984
20.4276544,42.3958976
20.4276544,42.3958944
20.427648,42.3958208
20.4276464,42.3957888
20.4275232,42.3956704
20.42752,42.3956704
20.4274656,42.3956896
20.4273968,42.395664
20.4273648,42.3956352
20.4273632,42.3956288
20.427304,42.3955968
20.4272512,42.3955648
20.4270512,42.395408
20.4270512,42.3954112
20.4269584,42.3953728
20.4269424,42.3953696
20.4268608,42.3956832
20.426864,42.3956864
20.4268624,42.395728
20.4268704,42.3959328
20.4268736,42.3959424
20.4268768,42.395984
20.4268768,42.3959872
20.4269136,42.3960352
20.4269168,42.3960672
20.4269104,42.3961344
20.4269104,42.3961344
20.42692,42.3961952
20.42692,42.3962368
20.4269088,42.3962752
20.4269072,42.3962784
20.4268896,42.3963168
20.4268816,42.3963648
20.4268688,42.3965792
20.4268688,42.3965792
20.4268672,42.396576
20.4268,42.3964832
20.4268128,42.3964928
20.4268432,42.3964608
20.4268592,42.3962752
20.4268624,42.396272
20.426944,42.396176
20.426944,42.3961632
20.4269136,42.3958688
20.4269008,42.3958752
20.4268944,42.3958688
20.426888,42.3957792
20.4268832,42.3957696
20.4269104,42.3957472
20.4269072,42.3956768
20.4269088,42.3956768
20.4268784,42.3956672
20.42688,42.3955872
20.42688,42.3955904
20.4268816,42.3955904
20.426832,42.3953696
20.4268304,42.39536
20.4267008,42.3952928
20.4267024,42.3952928
20.4267232,42.3952608
20.4265328,42.39528
20.4260032,42.395552
20.4260032,42.395552
20.4259952,42.395584
20.4259872,42.3956512
20.4259776,42.3956832
20.425976,42.3956864
20.4259648,42.3956992
20.4259312,42.3958048
20.426016,42.396
20.426016,42.396
20.4260208,42.3959776
20.426,42.3961024
20.4259376,42.3966016
20.4259392,42.3966016
20.4259136,42.3965984
20.4258704,42.3966016
20.4258768,42.3966016
20.4259648,42.3966144
20.4259664,42.3965984
20.426008,42.3965408
20.4260048,42.3965184
20.4260064,42.3965184
20.4260208,42.396496
20.4260208,42.3964032
20.425976,42.394896
20.4259744,42.3949024
20.4259696,42.3948832
20.4260496,42.3947808
20.4268688,42.3943776
20.4268704,42.3943744
20.4269296,42.3943104
20.426944,42.394272
20.42696,42.39424
20.42696,42.3942464
20.4269584,42.3942464
20.427,42.3941184
20.4270208,42.3940736
20.4270192,42.3940768
20.427,42.3941344
20.426976,42.3942016
20.4269168,42.394352
20.4269024,42.394368
20.4268992,42.3943744
20.4268976,42.3943872
20.4269232,42.3944192
20.4269296,42.394416
20.4269376,42.3944192
20.427016,42.394432
20.4270288,42.3944352
20.4270256,42.3946368
20.4270256,42.3946368
20.4270368,42.3945728
20.4270688,42.394496
20.4271904,42.394496
20.4271904,42.394496
20.4272208,42.3945056
20.4273104,42.3945312
20.4275088,42.3944768
20.427512,42.3944768
20.4275328,42.3944448
20.4275728,42.3944
20.427608,42.3943584
20.427608,42.3943552
20.4275888,42.3943072
20.4276048,42.3942784
20.4276432,42.3942336
20.4276432,42.3942368
20.4277216,42.3940928
20.4277264,42.39408
20.4277552,42.394032
20.4277552,42.394032
20.4277616,42.3940192
20.4277904,42.3939552
20.427992,42.393888
20.4282848,42.3939328
20.4282944,42.3939168
20.428304,42.3938816
20.428304,42.3938816
20.4283232,42.3936512
20.4283216,42.3936384
20.4283216,42.3935392
20.4283216,42.393536
20.4283344,42.3934976
20.4283344,42.3934848
20.4283344,42.3934816
20.4283328,42.3934816
20.4283312,42.39344
20.4283728,42.3933536
20.4283808,42.393296
20.4283808,42.393296
20.4283568,42.3932448
20.4283568,42.3932192
20.4283536,42.393168
20.428352,42.3931552
20.42836,42.3930656
20.4283616,42.3930624
20.4284064,42.3931008
20.4283984,42.3929696
20.4283968,42.3929664
20.428392,42.3929632
20.4283232,42.3927808
20.4283024,42.392784
20.4277472,42.392816
20.4277472,42.392816
20.4277504,42.3927712
20.4276176,42.3928064
20.427568,42.3929376
20.4275728,42.3929376
20.427552,42.3929408
20.4275232,42.3930272
20.4275248,42.3930368
20.4275264,42.39304
20.4275232,42.3930656
20.4275136,42.3931264
20.4275136,42.393136
20.4275184,42.3931776
20.42748,42.393232
20.4274384,42.3933536
20.4274368,42.3933536
20.4274192,42.3934304
20.4273984,42.3934336
20.4273936,42.39344
20.4273888,42.3934528
20.4273888,42.3934592
20.4273872,42.3934656
20.4273888,42.3934752
20.427424,42.393504
20.4274032,42.3935584
20.4273984,42.3935648
20.4273984,42.3935712
20.4273808,42.3935936
20.4273552,42.3936704
20.4273504,42.3936736
20.4273504,42.3936736
20.4273392,42.3936768
20.4273152,42.3936928
20.4272816,42.3937216
20.4272176,42.3937312
20.4265312,42.3935552
20.4265328,42.393552
20.4265296,42.3935456
20.4265104,42.3934176
20.4271184,42.392688
20.4271168,42.392688
20.4270976,42.3926432
20.4271888,42.3926848
20.4272768,42.3927104
20.427328,42.39272
20.4273296,42.39272
20.4273536,42.3927424
20.4275824,42.3924
20.4275824,42.3924
20.4276624,42.392384
20.4276752,42.3923424
20.4277136,42.3921344
20.427712,42.3921344
20.4277136,42.3921312
20.427712,42.392128
20.427712,42.392128
20.4277184,42.3921216
20.4278672,42.3920832
20.4330576,42.3870304
20.4330576,42.3870304
20.4330576,42.3870272
20.4330736,42.3870048
20.4330928,42.3869728
20.4331536,42.3869376
20.4427488,42.3752704
20.4427536,42.375264
20.442936,42.375136
20.4470064,42.3738432
20.4470064,42.3738464
20.4470528,42.373872
20.4471376,42.3738848
20.44716,42.3738912
20.44716,42.3738912
20.4471952,42.373872
20.4473072,42.3738784
20.4510128,42.3742976
20.4510112,42.3742976
20.4510672,42.3742976
20.4511648,42.3742784
20.4552192,42.3738624
20.4552176,42.3738656
20.4552128,42.3738656
20.4552112,42.373872
20.4552064,42.3738848
20.455168,42.373952
20.4562608,42.3740192
20.4562608,42.3740192
20.4562592,42.3740128
20.4562592,42.3740128
20.4562256,42.3739584
20.4562256,42.3739584
20.4561152,42.373904
20.456112,42.3739008
20.4561024,42.3738976
20.456016,42.3738976
20.4558608,42.3739008
20.4558448,42.3738976
20.4556816,42.3739936
20.4556816,42.3739904
20.4556768,42.373984
20.4555984,42.3739232
20.4555136,42.3738816
20.4555136,42.3738816
20.4555296,42.3739008
20.4555472,42.3739104
20.4555552,42.3739136
20.4556992,42.3738976
20.4550288,42.3736608
20.4550288,42.3736608
20.454984,42.3736576
20.4548944,42.373664
20.4502912,42.374176
20.4502912,42.374176
20.4501664,42.3741344
20.4497408,42.3740736
20.449736,42.3740704
20.4496864,42.3740416
20.4496016,42.3740448
20.449352,42.3740288
20.4493488,42.3740224
20.4493504,42.3740288
20.4495056,42.3740352
20.4494768,42.3740384
20.4491936,42.3740288
20.4286192,42.3845696
20.4286176,42.3845696
20.4286064,42.38456
20.4284576,42.3845536
20.4280592,42.3861472
20.4280624,42.386144
20.4280592,42.3861504
20.4280208,42.386256
20.4263856,42.3890368
20.4263872,42.3890336
20.4263824,42.3889728
20.4263728,42.3889728
20.4263728,42.3889728
20.4263728,42.3889728
20.4263728,42.3889728
20.4263728,42.3889728
20.4263728,42.3889728
20.4263728,42.3889728
20.4263728,42.3889728
20.4263728,42.3889728
20.4263728,42.3889728
20.4263728,42.3889728
20.4263728,42.3889728
20.4263728,42.3889728
20.4263728,42.3889728
20.4263728,42.3889728
20.4263728,42.3889728
20.4263728,42.3889728
20.4263728,42.3889728
20.4263728,42.3889728
20.4263728,42.3889728
20.4263728,42.3889728
20.4263728,42.3889728
20.4263728,42.3889728
20.4263728,42.3889728
20.4263728,42.3889728
20.4263728,42.3889728
20.4263728,42.3889728
20.4263728,42.3889728
20.4263728,42.3889728
20.4263728,42.3889728
20.4263728,42.3889728
20.4263728,42.3889728
20.4263728,42.3889728
20.4263728,42.3889728
20.4263728,42.3889728
20.4263728,42.3889728
20.4263728,42.3889728
20.4263728,42.3889728
20.4263728,42.3889728
20.4263728,42.3889728
20.4263728,42.3889728
20.4263728,42.3889728
20.4263728,42.3889728
20.4263728,42.3889728
20.4263728,42.3889728
20.4263728,42.3889728
20.4263728,42.3889728
20.4263728,42.3889728
20.4263728,42.3889728
20.4263728,42.3889728
20.4263728,42.3889728
20.4263728,42.3889728
20.4263728,42.3889728
20.4263728,42.3889728
20.4263728,42.3889728
20.4263728,42.3889728
20.4263728,42.3889728
20.4263728,42.3889728
20.4263728,42.3889728
20.4263728,42.3889728
20.4263728,42.3889728
20.4263728,42.3889728
20.4263728,42.3889728
20.4263728,42.3889728
20.4263728,42.3889728
20.4263728,42.3889728
20.4263728,42.3889728
20.4263728,42.3889728
20.4263728,42.3889728
20.4263728,42.3889728
20.4263728,42.3889728
20.4263728,42.3889728
20.4263728,42.3889728
20.4263728,42.3889728
20.4263728,42.3889728
20.4263728,42.3889728
20.4263728,42.3889728
20.4263728,42.3889728
20.4262768,42.3889376
20.426272,42.3889568
20.4262672,42.3889984
20.4262672,42.3890048
20.4264112,42.388944
20.4264048,42.388912
20.4264016,42.3889088
20.4264736,42.3889184
20.4265008,42.3889056
20.4268112,42.3888832
20.4268192,42.3888896
20.426872,42.3889056
20.4268944,42.3889088
20.4269488,42.3888736
20.4303488,42.3832096
20.4303472,42.3832096
20.4303472,42.3832064
20.4304096,42.3831136
20.430416,42.3831136
20.4304672,42.3830592
20.430488,42.382992
20.4305712,42.3827232
20.430568,42.3827232
20.4305568,42.3826784
20.4305728,42.382624
20.430696,42.3822048
20.430696,42.3822048
20.4307344,42.382144
20.4307392,42.3821344
20.4308624,42.3817984
20.4308608,42.3818016
20.4307552,42.3817664
20.4307664,42.3817344
20.430824,42.3815648
20.4308288,42.3815648
20.4308432,42.3815392
20.430872,42.3814656
20.4308704,42.3814464
20.4308688,42.3814464
20.4308704,42.3814208
20.4308832,42.3813472
20.430888,42.3813184
20.4308896,42.3813184
20.4309056,42.3812736
20.43092,42.3812192
20.4309312,42.3811424
20.4309312,42.3811424
20.4309376,42.3810944
20.430944,42.3810272
20.430952,42.3807904
20.4309536,42.3807872
20.4309904,42.380736
20.4309824,42.3806912
20.4309824,42.3806848
20.4309792,42.380672
20.4309952,42.3806496
20.4309984,42.3805696
20.4310224,42.380352
20.431024,42.380352
20.430968,42.380288
20.4309648,42.3802528
20.4309952,42.3800128
20.4309952,42.3800128
20.4310016,42.3799744
20.4310144,42.3799104
20.4310272,42.3796768
20.431024,42.3796736
20.4310832,42.379696
20.4310816,42.3795712
20.4310896,42.3794752
20.4310928,42.37944
20.4310768,42.37936
20.4310736,42.3792032
20.431072,42.3792
20.4310688,42.379184
20.4310816,42.3791136
20.4311024,42.3790432
20.4311072,42.3790432
20.4311312,42.3789952
20.4311408,42.3789536
20.4311472,42.3789056
20.4311488,42.3788992
20.4311328,42.3788352
20.4311312,42.3787872
20.431144,42.3787392
20.431144,42.3787392
20.43112,42.3786848
20.43112,42.3786272
20.4312112,42.3784672
20.4312128,42.3784704
20.4311808,42.3784416
20.4312288,42.3783488
20.4251392,42.375168
20.4251424,42.375168
20.425144,42.3751264
20.425064,42.3750976
20.4250352,42.3750752
20.4250256,42.375072
20.4250256,42.375072
20.4249952,42.3750816
20.424912,42.3750528
20.4249056,42.3749248
20.4248688,42.3749248
20.4248016,42.3749088
20.4247984,42.3749088
20.4247824,42.3749248
20.4247488,42.3749248
20.4246368,42.3749696
20.4246208,42.3749632
20.424584,42.3749376
20.424584,42.3749376
20.4246064,42.3749504
20.4245504,42.374912
20.4245456,42.3749088
20.424528,42.3749024
20.4236336,42.374608
20.4236144,42.3746048
20.4235472,42.3745888
20.4235472,42.374592
20.423528,42.3745856
20.4234512,42.3745696
20.423528,42.374528
20.4234512,42.3745152
20.4234384,42.3745152
20.423392,42.3745056
20.423424,42.3745216
20.4234336,42.3745408
20.4234256,42.3745408
20.4233328,42.3745344
20.4233248,42.3745344
20.4233232,42.3745376
20.42332,42.3745056
20.4231472,42.374512
20.4227824,42.3744736
20.4227824,42.3744736
20.4227408,42.3744416
20.4226576,42.3744544
20.4225216,42.3744928
20.4225216,42.3744928
20.4222672,42.3744992
20.422272,42.3744864
20.4222768,42.3744736
20.422272,42.3744736
20.4221536,42.3749888
20.422152,42.3749952
20.4221504,42.375008
20.4221504,42.3750272
20.4221472,42.3750336
20.4221328,42.3750976
20.4221408,42.3749856
20.4221568,42.3748896
20.4222672,42.3744
20.4222656,42.3743968
20.4222464,42.374336
20.4222416,42.3743136
20.4222544,42.374128
20.422256,42.3741216
20.4222816,42.3740192
20.4222816,42.3740032
20.42228,42.3739552
20.4222816,42.3739552
20.4222608,42.373984
20.4222528,42.3740704
20.4222528,42.3740704
20.4222464,42.3744992
20.4222416,42.3745088
20.4222368,42.3745152
20.4222176,42.3745536
20.42224,42.3745408
20.4224144,42.374512
20.4227856,42.3744672
20.4227856,42.3744672
20.4227984,42.3744928
20.4228976,42.3744928
20.4229152,42.3744288
20.4229984,42.3744416
20.4230352,42.3744704
20.4230544,42.3744704
20.4232688,42.3744928
20.423264,42.3744928
20.4233072,42.3744704
20.4233744,42.37448
20.4233792,42.3745056
20.4234016,42.3745088
20.4235024,42.374528
20.423504,42.374528
20.4235184,42.3745408
20.423616,42.3745664
20.4239184,42.3746496
20.4239184,42.3746496
20.4240112,42.3746912
20.424032,42.3746976
20.42368,42.375248
20.4236752,42.3752416
20.4237024,42.375216
20.4237616,42.3751904
20.4238032,42.3751904
20.4238032,42.3751872
20.4238032,42.3751808
20.423784,42.3751456
20.4232768,42.3749344
20.4232896,42.3749344
20.4232992,42.374944
20.4233488,42.3749664
20.4237648,42.3751712
20.4237616,42.3751744
20.4237632,42.3751744
20.4237648,42.3751712
20.423616,42.3752448
20.4206016,42.377664
20.4206048,42.3776576
20.4206288,42.3776064
20.4207456,42.3774656
20.4207552,42.377456
20.4210944,42.3772
20.4210976,42.3771968
20.42112,42.3771712
20.4211808,42.3771392
20.4215456,42.3769376
20.4215488,42.3769376
20.422096,42.37648
20.4220288,42.3765952
20.4220288,42.3765952
20.4218304,42.3770368
20.421824,42.3770432
20.4218176,42.3770528
20.4217536,42.377136
20.421408,42.3776832
20.4213072,42.3778144
20.4213024,42.3778272
20.4211984,42.3780608
20.4211984,42.3780608
20.4211984,42.3780608
20.4217776,42.3771552
20.421784,42.3771488
20.4217888,42.377136
20.4217968,42.3771232
20.421856,42.3770496
20.4218576,42.3770432
20.4220048,42.3767808
20.4220128,42.3767648
20.4222176,42.3763808
20.422216,42.3763808
20.4222848,42.3763392
20.4223056,42.3763264
20.4223728,42.3762816
20.4224,42.3762688
20.4224192,42.3762528
20.4224736,42.3761888
20.4224752,42.3761888
20.4225328,42.3761184
20.4225408,42.3761056
20.4226672,42.3759488
20.422672,42.3759456
20.4226784,42.3759424
20.4226784,42.3759424
20.422704,42.3759232
20.42272,42.3759072
20.4227296,42.3759008
20.4227376,42.3758912
20.422856,42.3758048
20.4228656,42.3758016
20.4228608,42.375808
20.4228608,42.375808
20.422952,42.3756832
20.4229456,42.3756896
20.4229472,42.3756928
20.423,42.3757888
20.42308,42.3758048
20.42308,42.3758048
20.423,42.3756768
20.4230112,42.375664
20.42308,42.3756032
20.42308,42.3756032
20.4231136,42.3755648
20.4231856,42.3755104
20.4232624,42.3754624
20.423264,42.3754592
20.4244608,42.375056
20.42448,42.3750528
20.4450672,42.3738656
20.445064,42.3738656
20.445064,42.3738656
20.4450608,42.3738848
20.4450112,42.3740192
20.445008,42.3740384
20.4453456,42.3742784
20.4453488,42.3742784
20.4454272,42.3742752
20.4454688,42.3742752
20.4462912,42.3737984
20.4462896,42.3737984
20.4462864,42.3737952
20.4462688,42.3737568
20.4462448,42.3738112
20.4461712,42.3738944
20.4462224,42.373984
20.4462192,42.3739808
20.446256,42.3739808
20.4464032,42.373952
20.4532256,42.3737792
20.4532256,42.3737824
20.4532512,42.3737856
20.4533536,42.3737952
20.4561296,42.373904
20.4561296,42.373904
20.4560464,42.3738976
20.4560016,42.3738944
20.4559904,42.3738976
20.4559248,42.3739008
20.4554848,42.3738944
20.4554848,42.3738944
20.455488,42.3738944
20.4555376,42.3739136
20.4555952,42.3739328
20.4556528,42.37392
20.4550784,42.3736832
20.4550368,42.3736736
20.4531024,42.3738208
20.4531024,42.3738208
20.4530944,42.3738176
20.4529744,42.3738304
20.4469344,42.3739008
20.4469344,42.373904
20.4469296,42.373904
20.4469248,42.373904
20.4468416,42.3738944
20.4467808,42.3738912
20.4324272,42.3732064
20.4324272,42.3732096
20.4323904,42.373216
20.4323088,42.3732768
20.4262176,42.3750752
20.426216,42.3750752
20.4262928,42.3749952
20.4263024,42.3749888
20.4264496,42.3747904
20.4264512,42.3747904
20.4265552,42.3745568
20.4265664,42.3745536
20.4265792,42.3745472
20.4265904,42.3745408
20.4266,42.3745344
20.4265936,42.3745056
20.4265728,42.3744864
20.4265712,42.3744864
20.4265856,42.3743552
20.4265904,42.374336
20.4266128,42.37416
20.4266112,42.37416
20.4266096,42.3741184
20.4266208,42.374064
20.4266256,42.3739808
20.4266256,42.3739808
20.4266096,42.3739392
20.4266144,42.3738816
20.4266192,42.37384
20.4266208,42.37384
20.426624,42.3738304
20.426656,42.3737536
20.426656,42.3737568
20.426656,42.37376
20.4266448,42.3738016
20.4265744,42.373824
20.4265424,42.3738208
20.4262544,42.3738336
20.4262544,42.3738336
20.4263232,42.3738144
20.426408,42.3738432
20.42648,42.373824
20.4265216,42.3738336
20.4265264,42.3738336
20.4265488,42.3738368
20.426624,42.3737952
20.4266288,42.3737568
20.4266288,42.3737568
20.426704,42.373408
20.426704,42.3734144
20.4266928,42.3734592
20.4265568,42.3734624
20.426544,42.3734656
20.4263648,42.3734848
20.4263648,42.3734848
20.4262592,42.3734944
20.4262672,42.3735072
20.426408,42.3735072
20.42644,42.3735008
20.4265152,42.3735008
20.4265248,42.3735008
20.4265264,42.3735008
20.4265248,42.3735008
20.42656,42.3735072
20.4266688,42.3735136
20.4266784,42.373504
20.426672,42.3734592
20.4266688,42.373376
20.4266704,42.3733664
20.4267024,42.3732672
20.4267008,42.3732544
20.4266912,42.3731424
20.4266912,42.3731424
20.426696,42.3731104
20.4266896,42.37304
20.42668,42.3729664
20.4266528,42.3729024
20.4266496,42.3728608
20.4266448,42.3728576
20.4266448,42.3728576
20.4266592,42.3728768
20.426656,42.3728064
20.4266592,42.3728096
20.4265072,42.3728992
20.4264944,42.3729024
20.4264816,42.3729056
20.4264176,42.3729184
20.4264176,42.3729184
20.4264208,42.372928
20.4264608,42.372928
20.4265008,42.3729312
20.4266016,42.3728256
20.4266,42.3727936
20.4266016,42.3727936
20.4266352,42.3727488
20.4266064,42.3727008
20.4266032,42.372688
20.4266,42.3726848
20.4266,42.3726784
20.4265968,42.372672
20.4265952,42.3726272
20.4265664,42.3725664
20.4265456,42.3725152
20.4265456,42.3725152
20.4265056,42.372432
20.4265008,42.3724224
20.426496,42.3724096
20.426496,42.3724128
20.426496,42.3724128
20.4264656,42.3723936
20.4264208,42.372368
20.4264176,42.3723136
20.426416,42.372304
20.4264208,42.372304
20.4264496,42.3723424
20.4261968,42.372448
20.426184,42.372448
20.4261728,42.372448
20.4261136,42.3724608
20.426104,42.372464
20.4260592,42.372512
20.4260592,42.372512
20.4260592,42.372512
20.4260352,42.3725408
20.4262432,42.3724928
20.4264352,42.3724352
20.4264368,42.3724352
20.4264576,42.3723872
20.4264224,42.3723424
20.4264224,42.3723328
20.4264208,42.3723264
20.4263776,42.372256
20.4263552,42.3721664
20.4263552,42.3721696
20.4263584,42.372176
20.426376,42.372224
20.4258736,42.372336
20.4258896,42.3723296
20.4261072,42.3722976
20.4261088,42.3722912
20.4262336,42.3722528
20.426248,42.3722528
20.4263344,42.3721472
20.4262784,42.3720832
20.4262736,42.3720672
20.426256,42.3720064
20.4262576,42.3720064
20.426272,42.3719712
20.426208,42.3718944
20.426136,42.3717664
20.4261344,42.3717664
20.426128,42.3717568
20.4261392,42.3717472
20.4261296,42.371648
20.4261072,42.3716096
20.4261056,42.3716064
20.426088,42.3715936
20.4260448,42.3714816
20.4260192,42.370912
20.4260176,42.370912
20.4260144,42.370912
20.4259504,42.3709344
20.4259552,42.3709408
20.4259584,42.37104
20.4261456,42.3718048
20.4261456,42.3718048
20.426176,42.3719296
20.4261936,42.3719584
20.4267104,42.3748192
20.4267088,42.3748256
20.4267152,42.3748448
20.4267904,42.374928
20.4268272,42.3749568
20.4268288,42.3749632
20.4268576,42.374976
20.4269424,42.3750368
20.427,42.375072
20.4270016,42.375072
20.4270432,42.375088
20.4271168,42.3751104
20.4272608,42.3751744
20.4272608,42.3751808
20.4273088,42.3752064
20.4273968,42.375232
20.427464,42.3752544
20.427464,42.3752544
20.42752,42.37528
20.4275568,42.3752864
20.4276688,42.3753536
20.427672,42.3753536
20.4276672,42.3753504
20.4276128,42.375312
20.427608,42.37528
20.4276224,42.3752448
20.4276288,42.3752352
20.4276624,42.3752128
20.427672,42.3752064
20.4276816,42.3751968
20.4275968,42.3752672
20.427648,42.3753312
20.4277184,42.3753664
20.4277184,42.3753664
20.4278112,42.3754784
20.4278128,42.375488
20.4278144,42.3754912
20.427816,42.3754944
20.427816,42.3755424
20.4278896,42.3756064
20.434992,42.3747168
20.4349936,42.3747168
20.435032,42.3747072
20.4352096,42.3747264
20.4417456,42.3755232
20.441752,42.37552
20.4417568,42.37552
20.4418656,42.3754816
20.45324,42.3737728
20.4532416,42.3737664
20.4532752,42.3737632
20.4533824,42.3737728
20.4561632,42.3739008
20.4561632,42.3739008
20.4560416,42.3738752
20.4560256,42.3738752
20.4556832,42.3740096
20.4556848,42.3740096
20.4556064,42.3738976
20.4555968,42.3738912
20.455592,42.3738848
20.4556384,42.373904
20.4557056,42.3738848
20.4557632,42.373872
20.4557744,42.3738656
20.4559056,42.3738592
20.4561824,42.3738816
20.4561824,42.3738816
20.4562592,42.3739424
20.4562608,42.3739552
20.4552384,42.3739904
20.45524,42.3739904
20.4552592,42.3739808
20.4552368,42.3738656
20.4551008,42.37368
20.4551008,42.37368
20.4550672,42.3736608
20.4550464,42.3736544
20.4542816,42.373712
20.4542928,42.373712
20.4543216,42.3737056
20.4542592,42.3737056
20.4541248,42.3737184
20.4532528,42.3737856
20.4532544,42.3737856
20.453104,42.3737856
20.4500496,42.374144
20.4500496,42.374144
20.4500368,42.3741408
20.449904,42.374112
20.4489216,42.3739648
20.44892,42.3739648
20.448888,42.3739456
20.4286784,42.3845376
20.4286768,42.3845376
20.4286352,42.3845408
20.4284864,42.3845184
20.426544,42.388768
20.4265568,42.3887744
20.426512,42.3888768
20.4265104,42.3888832
20.426504,42.3888896
20.426504,42.3888896
20.426504,42.3888896
20.426504,42.3888896
20.426504,42.3888896
20.426504,42.3888896
20.426504,42.3888896
20.426504,42.3888896
20.426504,42.3888896
20.426504,42.3888896
20.426504,42.3888896
20.426504,42.3888896
20.426504,42.3888896
20.426504,42.3888896
20.426504,42.3888896
20.426504,42.3888896
20.426504,42.3888896
20.426504,42.3888896
20.426504,42.3888896
20.426504,42.3888896
20.426504,42.3888896
20.426504,42.3888896
20.426504,42.3888896
20.426504,42.3888896
20.426504,42.3888896
20.426504,42.3888896
20.426504,42.3888896
20.426504,42.3888896
20.426504,42.3888896
20.426504,42.3888896
20.426504,42.3888896
20.426504,42.3888896
20.426504,42.3888896
20.426504,42.3888896
20.426504,42.3888896
20.426504,42.3888896
20.426504,42.3888896
20.426504,42.3888896
20.426504,42.3888896
20.426504,42.3888896
20.426504,42.3888896
20.426504,42.3888896
20.426504,42.3888896
20.426504,42.3888896
20.426504,42.3888896
20.426504,42.3888896
20.426504,42.3888896
20.426504,42.3888896
20.426504,42.3888896
20.426504,42.3888896
20.426504,42.3888896
20.426504,42.3888896
20.426504,42.3888896
20.426504,42.3888896
20.426504,42.3888896
20.426504,42.3888896
20.426504,42.3888896
20.426504,42.3888896
20.426504,42.3888896
20.426504,42.3888896
20.426504,42.3888896
20.426504,42.3888896
20.426504,42.3888896
20.426504,42.3888896
20.426504,42.3888896
20.426504,42.3888896
20.426504,42.3888896
20.426504,42.3888896
20.426504,42.3888896
20.426504,42.3888896
20.426504,42.3888896
20.426504,42.3888896
20.426504,42.3888896
20.426504,42.3888896
20.426504,42.3888896
20.426504,42.3888896
20.426368,42.3889536
20.4263824,42.3889472
20.4266112,42.388848
20.4266112,42.388848
20.4266592,42.388848
20.4266848,42.388848
20.4267008,42.3888512
20.4267136,42.3888512
20.4267296,42.3888544
20.4267456,42.3888576
20.4268496,42.3888992
20.426848,42.3889056
20.4268944,42.388928
20.4269792,42.3888256
20.4269792,42.3888256
20.430296,42.3831744
20.4302944,42.3831776
20.4302896,42.3831872
20.4302928,42.3831936
20.4302432,42.3831552
20.4303024,42.3830784
20.4303056,42.3830784
20.4303152,42.3830784
20.4303968,42.3830848
20.4304176,42.3829952
20.4304288,42.3829568
20.4304336,42.3829568
20.4304416,42.3829376
20.430488,42.3828416
20.4305712,42.3827392
20.4305728,42.382736
20.430568,42.3826944
20.4305904,42.3826368
20.4305936,42.382624
20.4306032,42.382592
20.4306368,42.3825888
20.4306448,42.3825312
20.4306864,42.382384
20.4306896,42.382384
20.4307056,42.3823424
20.4307104,42.38232
20.430776,42.3820832
20.4307792,42.38208
20.430784,42.382032
20.4307904,42.3820032
20.4308336,42.38184
20.430832,42.3818368
20.43072,42.3816992
20.4307232,42.3816864
20.4308304,42.3814656
20.4308336,42.3814656
20.430888,42.381472
20.4309024,42.381392
20.4309104,42.381344
20.4309104,42.3813408
20.4309232,42.3812992
20.4309344,42.3812416
20.4309504,42.3811904
20.430952,42.3811872
20.4309696,42.3810944
20.4310016,42.3808288
20.4309984,42.3808256
20.4309712,42.380784
20.4309712,42.3807104
20.4309712,42.3806816
20.4309712,42.3806816
20.4309712,42.380576
20.4309744,42.3805664
20.4310016,42.38032
20.4309984,42.3803136
20.4310192,42.380336
20.4310096,42.3802464
20.4310208,42.3800544
20.431032,42.3800672
20.4310704,42.3800352
20.4310912,42.3799616
20.4311392,42.3794784
20.4311408,42.3794784
20.4311664,42.3794624
20.4311616,42.3793568
20.431152,42.3791648
20.4311488,42.3791648
20.4311376,42.3791584
20.4311392,42.3790752
20.4311312,42.3790656
20.431128,42.3790656
20.4311488,42.3789952
20.431152,42.3789536
20.4311632,42.3789216
20.4311664,42.3789216
20.4311488,42.3788832
20.431144,42.3788224
20.431144,42.378816
20.4311568,42.3788096
20.4311488,42.3786784
20.4311488,42.3786624
20.4311888,42.3784992
20.4311936,42.3784992
20.4312224,42.3784736
20.4312656,42.3784192
20.4317552,42.3782464
20.431752,42.3782496
20.4317552,42.3782816
20.4318432,42.378304
20.4322912,42.3785888
20.4322912,42.3785888
20.43232,42.3786112
20.432344,42.3786368
20.432432,42.3786688
20.432432,42.3786688
20.4324176,42.3786624
20.4323952,42.378656
20.4324016,42.3786624
20.43256,42.3787904
20.4325712,42.3787968
20.432576,42.3788
20.4325664,42.3787968
20.432464,42.3787456
20.4325568,42.3788096
20.432608,42.3788864
20.432608,42.3788896
20.432608,42.3788896
20.4326096,42.3788
20.43264,42.378768
20.4329296,42.378432
20.4329296,42.378432
20.43288,42.3784448
20.4328,42.3785632
20.4327264,42.3786784
20.4327264,42.3786784
20.432712,42.3787008
20.4326432,42.3787616
20.4325936,42.3788288
20.4325936,42.3788288
20.4326016,42.378848
20.432632,42.3788864
20.4328544,42.379104
20.4328512,42.3791136
20.4329712,42.379088
20.4329552,42.3790976
20.433,42.3792
20.4330032,42.3791968
20.4330176,42.3792352
20.4330528,42.3792416
20.4331472,42.3792992
20.4331664,42.379312
20.4331952,42.379344
20.4331984,42.3793472
20.4331424,42.3793952
20.43316,42.3794112
20.4332448,42.3794208
20.433264,42.3794368
20.4333728,42.37952
20.4333776,42.37952
20.4333936,42.3795232
20.4333936,42.3795232
20.4334208,42.3795584
20.4334512,42.3795968
20.433632,42.3796608
20.4336336,42.3796576
20.4336656,42.3796288
20.4336816,42.3795712
20.4337504,42.3793632
20.4337504,42.3793632
20.4337728,42.3793344
20.4337936,42.37928
20.4337984,42.3792736
20.433808,42.379248
20.4338416,42.379216
20.4338592,42.379168
20.4338816,42.379136
20.4338848,42.3791328
20.433888,42.3790528
20.4339008,42.3790048
20.4339424,42.3788768
20.4339392,42.3788704
20.4339184,42.3788
20.4339232,42.3787584
20.4339232,42.3787488
20.4339664,42.3787008
20.433976,42.3786848
20.4339872,42.3786592
20.434008,42.3786112
20.4340528,42.3784928
20.434056,42.37848
20.4340608,42.3784672
20.4340608,42.3784672
20.4341216,42.3782016
20.4341184,42.3781952
20.4341184,42.3781888
20.434136,42.3781472
20.4341552,42.3780896
20.434152,42.3780736
20.4341808,42.3779936
20.4341808,42.3779936
20.4342144,42.3778688
20.434216,42.3778528
20.4342272,42.3778304
20.434232,42.3778336
20.43428,42.3778368
20.4342864,42.3777824
20.4342912,42.3776704
20.434296,42.3776672
20.4343184,42.3775776
20.434376,42.377568
20.435024,42.3778624
20.435024,42.377856
20.4350784,42.377808
20.4350416,42.3779328
20.4350416,42.3779328
20.4350416,42.3779328
20.4349344,42.378064
20.4349296,42.3780736
20.4348928,42.3781952
20.4348928,42.3781952
20.4348608,42.3782912
20.434856,42.378304
20.4348544,42.37832
20.434856,42.37832
20.4348672,42.3783488
20.4348144,42.378448
20.4348144,42.378448
20.434816,42.3784448
20.4348224,42.3784096
20.4348224,42.3784096
20.434832,42.3784256
20.4347824,42.3785664
20.4347456,42.3786304
20.4347408,42.3786272
20.4346848,42.3786624
20.434672,42.3787104
20.4346688,42.37872
20.4346688,42.3787296
20.4346144,42.3788416
20.4346096,42.3788576
20.4345664,42.3789632
20.4345648,42.3789664
20.4350416,42.3790016
20.4350288,42.3789984
20.4348816,42.3789664
20.4348848,42.3789696
20.434848,42.3789632
20.4347664,42.3789408
20.4347552,42.3789376
20.4347552,42.3789376
20.4346544,42.3789472
20.4346272,42.3790144
20.434568,42.3791264
20.4345664,42.3791264
20.4345488,42.3791328
20.4345264,42.379168
20.4344736,42.3793248
20.4344704,42.3793312
20.4344432,42.3793344
20.4344176,42.3794304
20.4344176,42.37944
20.4344128,42.3794464
20.4342688,42.3793984
20.434264,42.3794144
20.4342992,42.3795584
20.4342992,42.3795584
20.4343584,42.3796416
20.4343504,42.3796576
20.4343408,42.3796768
20.4343408,42.3796736
20.4343408,42.3796416
20.4343392,42.3796352
20.4343408,42.379632
20.4346448,42.3796576
20.434632,42.3796512
20.4343568,42.3796736
20.4343552,42.3796704
20.434304,42.3796736
20.4342992,42.3796896
20.4342416,42.3798304
20.4342416,42.3798304
20.4341952,42.379824
20.4341664,42.379888
20.4341232,42.38
20.4341232,42.38
20.4341424,42.3800416
20.4341232,42.3800992
20.4400752,42.38128
20.4400768,42.3812832
20.4400928,42.38128
20.4400928,42.38128
20.4401184,42.3812672
20.440192,42.3811648
20.4427456,42.3753088
20.4427456,42.3753056
20.4427456,42.375296
20.4427456,42.375296
20.4427472,42.3752736
20.4428336,42.3751968
20.4531792,42.3737792
20.4531792,42.373776
20.4532,42.373776
20.45332,42.373792
20.455256,42.374096
20.4552544,42.374096
20.455288,42.3741088
20.4553904,42.3741408
20.4561904,42.3739296
20.456184,42.3739232
20.456064,42.3738848
20.455608,42.3739424
20.455608,42.3739392
20.455608,42.3739424
20.4554992,42.3738976
20.4554992,42.3738976
20.455496,42.3738976
20.455496,42.3738976
20.4555792,42.3739456
20.4556032,42.3739456
20.4556,42.3739456
20.4555968,42.3739456
20.455616,42.3739296
20.4556688,42.37392
20.4551424,42.373776
20.4551424,42.373776
20.4551376,42.3737536
20.4551136,42.373696
20.4551088,42.3736928
20.4550512,42.3736672
20.455024,42.373664
20.454968,42.373664
20.452984,42.3737984
20.4529872,42.373824
20.452968,42.3738304
20.4528368,42.3738528
20.4498608,42.3740832
20.449864,42.3740832
20.4498432,42.3740768
20.4497312,42.3740736
20.446848,42.3738976
20.4468464,42.3738944
20.4467888,42.3738784
20.4466864,42.3738944
20.4388064,42.383184
20.4388064,42.383184
20.4388048,42.3831904
20.438696,42.3831136
20.4386896,42.3831104
20.4386832,42.3830976
20.4386608,42.3830976
20.4382832,42.3828352
20.4382816,42.3828352
20.4382192,42.3828224
20.438176,42.3827968
20.4381408,42.3827936
20.4381376,42.3827936
20.438088,42.3828608
20.4380112,42.3828
20.4380016,42.3827904
20.437992,42.3827808
20.437912,42.3827424
20.437912,42.3827424
20.4378656,42.3827008
20.4378464,42.3826944
20.4373232,42.3823456
20.4373248,42.3823456
20.4370384,42.3821376
20.437016,42.3821312
20.4369072,42.3820832
20.4369024,42.3820832
20.4368576,42.3820416
20.4368064,42.3820128
20.4363296,42.3816768
20.4363232,42.3816768
20.436296,42.3816576
20.4362528,42.3816032
20.436392,42.3814816
20.436392,42.3814784
20.4363632,42.3814496
20.4364224,42.381392
20.4367424,42.3807712
20.436744,42.380768
20.4367136,42.3806624
20.4365952,42.380656
20.4365952,42.380656
20.4365936,42.3806688
20.4366848,42.380768
20.4362896,42.3815584
20.4362848,42.3815584
20.4362816,42.3815616
20.436264,42.381584
20.4362368,42.3815968
20.4361216,42.3815264
20.4360864,42.3815008
20.4360864,42.3815008
20.4360544,42.3815008
20.4359424,42.3814592
20.4359184,42.38144
20.4359184,42.38144
20.4359328,42.3813888
20.4358448,42.3813568
20.4358448,42.3813568
20.4358496,42.3813568
20.4359776,42.3814016
20.4359824,42.3813984
20.4359872,42.3814048
20.4359872,42.381408
20.4359968,42.3814048
20.436016,42.381328
20.435944,42.381392
20.4359424,42.3813984
20.435928,42.3813856
20.435896,42.3813856
20.435808,42.3813568
20.4355072,42.3814112
20.4355088,42.3814176
20.4355056,42.3814208
20.4354208,42.3815104
20.4352992,42.3816704
20.4352976,42.3816704
20.4352672,42.3817088
20.4352336,42.3817408
20.4352288,42.3817408
20.435224,42.3817408
20.4352176,42.3817408
20.4352096,42.3817408
20.4352048,42.3817632
20.4351392,42.381744
20.4352128,42.3817984
20.4351952,42.3818368
20.4351952,42.3818368
20.43516,42.3820384
20.4355616,42.3813664
20.43556,42.3813664
20.4355504,42.381344
20.435472,42.3811744
20.4354736,42.3811744
20.4352896,42.3810336
20.4352672,42.3810144
20.4353776,42.3808128
20.4353776,42.3808128
20.4353792,42.3808128
20.4353792,42.3808128
20.4354224,42.3806688
20.4354208,42.3806816
20.435384,42.3807552
20.4353872,42.3807552
20.4354704,42.3805728
20.4354736,42.3805568
20.4354736,42.3805536
20.4355072,42.3805376
20.4355184,42.3804672
20.4355184,42.3804672
20.4355408,42.3804448
20.4355504,42.3804064
20.4355456,42.380384
20.4355712,42.3803744
20.4356304,42.380384
20.4356352,42.380384
20.4358048,42.380432
20.4358304,42.3804352
20.4360464,42.3804864
20.4360464,42.3804864
20.43556,42.3803296
20.435568,42.3803136
20.4356,42.380256
20.4356,42.380256
20.4356864,42.3801792
20.4356896,42.3801696
20.4356944,42.3801568
20.4356944,42.3801568
20.4356096,42.3802784
20.4356016,42.380288
20.4355968,42.3802976
20.4355888,42.3803104
20.435536,42.3804096
20.435536,42.3804096
20.4353936,42.3807488
20.4353904,42.3807616
20.435312,42.3809024
20.435312,42.3809024
20.4352688,42.3809792
20.435264,42.3809856
20.435264,42.3810016
20.4352624,42.3810112
20.4352688,42.3810208
20.4352624,42.3810144
20.4351184,42.3809632
20.434992,42.38088
20.434992,42.3808736
20.4347584,42.3805664
20.4346192,42.3805312
20.4346224,42.3805312
20.4345968,42.380512
20.4345024,42.380448
20.4345024,42.380448
20.4345168,42.3804544
20.4345632,42.3805056
20.4344688,42.3806496
20.4344608,42.3806624
20.4343904,42.380768
20.4343904,42.380768
20.43432,42.380896
20.4343168,42.3809056
20.43428,42.3809888
20.43428,42.3809888
20.4342544,42.3810464
20.4342464,42.3810624
20.4341456,42.3812224
20.4341456,42.3812224
20.4340432,42.3813024
20.434056,42.3812864
20.43412,42.3812256
20.4341232,42.3812256
20.4341696,42.3812192
20.4342016,42.3811744
20.434256,42.381024
20.4342656,42.381008
20.4343104,42.3809248
20.4343088,42.3809248
20.4345424,42.3805824
20.4345376,42.3805696
20.434376,42.3803904
20.4343744,42.3803904
20.4342976,42.3802496
20.434288,42.3802368
20.4342512,42.3801984
20.4342512,42.3801952
20.4341696,42.3801472
20.43416,42.3801344
20.434112,42.3800864
20.4341152,42.3800896
20.4340784,42.3800384
20.4340656,42.3800224
20.433928,42.3798976
20.433928,42.3798976
20.43388,42.3798752
20.4338624,42.3798368
20.4338544,42.3798336
20.4338384,42.3798304
20.4338032,42.3798016
20.4337328,42.379744
20.434376,42.3775936
20.4343744,42.3775872
20.434376,42.3775744
20.4342864,42.377488
20.4351136,42.3752032
20.4351152,42.3751968
20.4351216,42.3751936
20.4351616,42.3750816
20.4324432,42.373216
20.4324448,42.373216
20.4323376,42.3733152
20.4314352,42.3739712
20.4314272,42.3739712
20.4313264,42.374016
20.4349392,42.3747136
20.4349408,42.3747136
20.434984,42.3746944
20.4350944,42.374704
20.4472848,42.3738816
20.4472816,42.3738912
20.447288,42.3738848
20.447304,42.3738848
20.4473264,42.3738848
20.4474256,42.3738848
20.4474416,42.3738816
20.4474576,42.3738816
20.4509984,42.3743008
20.4509984,42.3743008
20.4510416,42.3742944
20.45112,42.3742816
20.4511168,42.374288
20.451112,42.3742976
20.4512608,42.374272
20.4512832,42.3742592
20.4512832,42.3742592
20.4512832,42.3742592
20.45136,42.3742336
20.451432,42.3741984
20.4532368,42.3737792
20.4532368,42.3737792
20.4532624,42.3737664
20.4551584,42.3740512
20.455168,42.3740448
20.4552096,42.3739904
20.455192,42.3739808
20.4551792,42.3739808
20.4551824,42.3739808
20.4552096,42.3739744
20.4551296,42.373952
20.4551296,42.3739328
20.4468512,42.3738816
20.4468496,42.3738784
20.4468368,42.3738784
20.4466992,42.3738848
20.4354112,42.3748384
20.435408,42.3748448
20.4353488,42.374848
20.4352416,42.3748192
20.4300976,42.3748192
20.4300976,42.3748192
20.4300976,42.3748192
20.4300976,42.3748192
20.4300976,42.3748192
20.4300976,42.3748192
20.4300784,42.374864
20.430072,42.3749184
20.43032,42.3749472
20.4316752,42.3748448
20.4316768,42.3748448
20.4317264,42.3748064
20.4318848,42.3748128
20.4329856,42.3747904
20.4329936,42.3747904
20.4330752,42.3747872
20.4264112,42.3889664
20.4264112,42.3889632
20.426408,42.3889568
20.4264224,42.3889248
20.4264224,42.3889248
20.4264224,42.3889248
20.4264224,42.3889248
20.4264224,42.3889248
20.4264224,42.3889248
20.4264224,42.3889248
20.4264224,42.3889248
20.4264224,42.3889248
20.4264224,42.3889248
20.4264224,42.3889248
20.4264224,42.3889248
20.4264224,42.3889248
20.4264224,42.3889248
20.4264224,42.3889248
20.4264224,42.3889248
20.4264224,42.3889248
20.4264224,42.3889248
20.4264224,42.3889248
20.4264224,42.3889248
20.4264224,42.3889248
20.4264224,42.3889248
20.4264224,42.3889248
20.4264224,42.3889248
20.4264224,42.3889248
20.4264224,42.3889248
20.4264224,42.3889248
20.4264224,42.3889248
20.4264224,42.3889248
20.4264224,42.3889248
20.4264224,42.3889248
20.4264224,42.3889248
20.4264224,42.3889248
20.4264224,42.3889248
20.4264224,42.3889248
20.4264224,42.3889248
20.4264224,42.3889248
20.4264224,42.3889248
20.4264224,42.3889248
20.4264224,42.3889248
20.4264224,42.3889248
20.4264224,42.3889248
20.4264224,42.3889248
20.4264224,42.3889248
20.4264224,42.3889248
20.4264224,42.3889248
20.4264224,42.3889248
20.4264224,42.3889248
20.4264224,42.3889248
20.4264224,42.3889248
20.4264224,42.3889248
20.4264224,42.3889248
20.4264224,42.3889248
20.4264224,42.3889248
20.4264224,42.3889248
20.4264224,42.3889248
20.4264224,42.3889248
20.4264224,42.3889248
20.4264224,42.3889248
20.4264224,42.3889248
20.4264224,42.3889248
20.4264224,42.3889248
20.4264224,42.3889248
20.4264224,42.3889248
20.4264224,42.3889248
20.4264224,42.3889248
20.4263856,42.3889344
20.4263568,42.3889984
20.426368,42.3889984
20.4264128,42.3889504
20.4264224,42.3888896
20.4263584,42.3889728
20.4263648,42.3889696
20.4264,42.3888864
20.4264112,42.3888864
20.4264496,42.3888576
20.4264368,42.3888384
20.4264336,42.3888352
20.4264352,42.3888448
20.4264544,42.388848
20.4264848,42.3888288
20.4265904,42.3888192
20.4268192,42.3888672
20.4268192,42.3888672
20.426832,42.3888768
20.4269616,42.3887776
20.4281872,42.3845344
20.4281872,42.3845344
20.428192,42.3845088
20.4283168,42.384416
20.4303024,42.3831904
20.430304,42.3831936
20.4302992,42.3831968
20.4303536,42.3830944
20.4304272,42.3829472
20.430432,42.3829472
20.430448,42.3829088
20.4304768,42.382832
20.4305744,42.3827328
20.430576,42.3827328
20.4306016,42.3827072
20.4306224,42.38264
20.430664,42.3824576
20.4306736,42.3824608
20.4307024,42.382464
20.4307264,42.3823552
20.4307328,42.3822976
20.4307312,42.3822976
20.4307264,42.3822912
20.4307536,42.3821824
20.4308336,42.3818368
20.4308416,42.3818272
20.4308448,42.3818208
20.4307888,42.3817376
20.4307936,42.3817216
20.4308928,42.381472
20.430896,42.3814688
20.430896,42.3814688
20.4309184,42.3813888
20.4309184,42.381328
20.4309184,42.381328
20.4309424,42.3813184
20.4309488,42.3812192
20.4309648,42.3811616
20.430968,42.3811616
20.4309728,42.3811584
20.4309824,42.3810496
20.4310112,42.3808256
20.4310096,42.3808224
20.431048,42.3807968
20.4310544,42.3807232
20.4310448,42.3806944
20.4310448,42.3806912
20.431024,42.3806528
20.4310224,42.380592
20.431048,42.3803584
20.431048,42.3803584
20.4310192,42.3802752
20.4310176,42.3802592
20.4310976,42.3797152
20.4310944,42.3797152
20.4310944,42.3797152
20.4310976,42.37968
20.4311072,42.3796352
20.4311072,42.3796352
20.431152,42.379632
20.4311568,42.3795328
20.4311568,42.37952
20.4311536,42.37952
20.4311376,42.3795296
20.4311376,42.3795296
20.4311344,42.3794656
20.4311328,42.3793984
20.4311504,42.3792576
20.4311584,42.3792608
20.4311392,42.3791776
20.431152,42.379136
20.431152,42.3790784
20.431152,42.3790784
20.4312176,42.3790144
20.431216,42.3789568
20.4312112,42.3789056
20.4312112,42.3789056
20.4312368,42.37888
20.4312224,42.3788224
20.4311712,42.3787712
20.4311712,42.3787552
20.4311632,42.378736
20.4311696,42.378736
20.4311776,42.378704
20.4311872,42.3786496
20.431168,42.3785856
20.431168,42.3785728
20.4311904,42.3784864
20.431192,42.3784864
20.4312336,42.3784832
20.4312592,42.3784128
20.428864,42.37576
20.4288624,42.3757632
20.4288576,42.37576
20.4289936,42.3756384
20.4293136,42.3752864
20.4293104,42.3752864
20.4293472,42.3752256
20.4293856,42.3751968
20.42948,42.3750464
20.4294816,42.3750464
20.4294304,42.375088
20.4294512,42.3749632
20.4294528,42.3749632
20.4294944,42.3749248
20.4294896,42.3748576
20.4294896,42.3748576
20.4294896,42.3748576
20.4294896,42.3748544
20.429496,42.374832
20.4295088,42.3748032
20.4294928,42.374768
20.4294896,42.374768
20.4294896,42.374768
20.429464,42.374688
20.4294592,42.37464
20.4294592,42.3742368
20.4294592,42.3742368
20.4294592,42.3742368
20.4294592,42.37424
20.4294688,42.3742176
20.4294752,42.3741408
20.4294688,42.3740608
20.4294704,42.3740576
20.4294464,42.374016
20.4294432,42.3739616
20.4294432,42.3739552
20.4294448,42.3739552
20.4294784,42.3739424
20.429472,42.37384
20.4294944,42.3736352
20.429496,42.3736352
20.4294992,42.3736064
20.429504,42.3735552
20.429504,42.3735328
20.429504,42.3735328
20.4295024,42.3734976
20.429504,42.3734432
20.4295056,42.37344
20.4295056,42.3734368
20.4295792,42.3732544
20.4295632,42.3731776
20.42956,42.3731808
20.4295952,42.3732576
20.4317664,42.3732896
20.4317472,42.3732896
20.4315984,42.3732672
20.4315968,42.3732672
20.431464,42.3732672
20.431448,42.3732672
20.4314256,42.3732768
20.4314224,42.37328
20.4313856,42.3732768
20.4312864,42.37328
20.4312224,42.37328
20.4312208,42.37328
20.4312224,42.3732896
20.4312256,42.373296
20.4312464,42.37328
20.4312032,42.3732704
20.4311984,42.3732768
20.431184,42.3732704
20.4310688,42.3732992
20.4310512,42.3732992
20.431008,42.373296
20.4310048,42.373296
20.4309312,42.373296
20.4308736,42.373296
20.430816,42.373296
20.4308192,42.3732896
20.4307792,42.3732896
20.43068,42.3732896
20.4306448,42.3732896
20.4306448,42.373296
20.4306144,42.3733408
20.4305632,42.373328
20.4305184,42.373296
20.430496,42.373296
20.430432,42.373296
20.430432,42.373296
20.4304144,42.3733376
20.4303072,42.3733216
20.4303024,42.3733184
20.4302896,42.3733152
20.4302624,42.3733088
20.4301472,42.3733056
20.429976,42.3733088
20.429976,42.3733088
20.4298672,42.3733216
20.4298256,42.3733216
20.42972,42.3733088
20.42972,42.3733088
20.4296672,42.3732704
20.4296288,42.3732768
20.4295312,42.3730304
20.4295296,42.3730304
20.4295488,42.3729984
20.4295552,42.3729216
20.4295488,42.3728992
20.4295456,42.3729024
20.4295488,42.372864
20.429592,42.3728096
20.4295952,42.3728096
20.4296,42.3728064
20.4296,42.3728064
20.4296224,42.3727872
20.4296384,42.3727328
20.4296608,42.3727232
20.4296672,42.3727104
20.4296512,42.3725216
20.4296496,42.3725216
20.4296288,42.3725056
20.4296288,42.3724128
20.4296368,42.3723904
20.4296384,42.3723904
20.4297184,42.372336
20.42976,42.3723328
20.4298528,42.3723456
20.4298512,42.3723456
20.4298576,42.3723488
20.4299312,42.3723552
20.4301104,42.372384
20.4301152,42.372384
20.4301152,42.372384
20.4302368,42.3723872
20.4302576,42.3723936
20.4303472,42.3724096
20.4303488,42.3724096
20.430416,42.3724032
20.4304256,42.3723904
20.4304832,42.3724032
20.4304832,42.3724032
20.4305136,42.372432
20.4306128,42.3724352
20.4307216,42.372432
20.4307216,42.372432
20.4307248,42.3724288
20.4307952,42.3724288
20.4308416,42.3724288
20.4308624,42.3724288
20.431,42.3724352
20.4309984,42.3724352
20.4309984,42.3724256
20.4311104,42.3724352
20.4311168,42.3724416
20.4311184,42.3724416
20.4311936,42.37248
20.4312656,42.3724896
20.4313952,42.3724096
20.431392,42.3724096
20.4313888,42.3724128
20.4313888,42.372464
20.4313616,42.37248
20.4312752,42.3724736
20.4312752,42.3724736
20.4312784,42.3724704
20.4314224,42.3724416
20.4314272,42.3724288
20.4314304,42.3724224
20.4314352,42.3724128
20.4314592,42.372352
20.4314768,42.372144
20.4314768,42.3721536
20.4314768,42.3722816
20.4314768,42.3722816
20.431448,42.3723424
20.4314448,42.3723552
20.431432,42.3724448
20.4314288,42.3724448
20.4312816,42.3724704
20.4298112,42.3723136
20.4298096,42.3723136
20.429776,42.372336
20.4297376,42.3723264
20.4297392,42.3723072
20.4297072,42.3722368
20.4297616,42.3720288
20.4297632,42.3720256
20.4298032,42.3720256
20.4297984,42.3719776
20.42976,42.3719488
20.4297616,42.371936
20.429784,42.371904
20.4297872,42.3719072
20.4298912,42.3717312
20.4298928,42.3717152
20.4298832,42.3716288
20.4298816,42.3716224
20.4299072,42.3715712
20.4299424,42.3715616
20.4301376,42.3715808
20.4301376,42.3715808
20.4301936,42.3715968
20.4302624,42.371616
20.4302656,42.3716192
20.4302672,42.3716192
20.4302752,42.3716192
20.4302992,42.3716224
20.4303264,42.3716224
20.4303744,42.3716128
20.4304176,42.3716128
20.4304176,42.3716128
20.4306144,42.3716416
20.4306144,42.3716416
20.4306048,42.3716416
20.4305248,42.3715424
20.4305264,42.371536
20.4305264,42.371536
20.4305184,42.3714976
20.430376,42.3715936
20.4303696,42.3715968
20.4303744,42.3715968
20.430384,42.3715968
20.4305024,42.3716064
20.430512,42.3716064
20.4305168,42.3716064
20.4305168,42.3716064
20.430584,42.3716064
20.430656,42.3716192
20.4306672,42.3716224
20.4307344,42.3716384
20.4307072,42.3716416
20.4304784,42.3716096
20.4300048,42.371552
20.43,42.371552
20.4299808,42.3714176
20.4532336,42.3738016
20.4532336,42.3737984
20.4532704,42.3738048
20.453368,42.3738016
20.4559328,42.3739008
20.4559328,42.3739008
20.4558976,42.3739008
20.4558064,42.373904
20.4556576,42.3740096
20.4556528,42.3740096
20.4555232,42.3739744
20.4555232,42.3739744
20.4555728,42.3739744
20.455664,42.3739232
20.4550896,42.3736864
20.4550672,42.37368
20.4550304,42.3736672
20.453184,42.3737824
20.453184,42.3737824
20.4531408,42.3738144
20.4530448,42.3738144
20.4292576,42.377968
20.429168,42.3778336
20.429168,42.3778272
20.4291632,42.377824
20.4291408,42.377808
20.4291472,42.377808
20.4291856,42.377712
20.428856,42.3758464
20.4288576,42.3758464
20.4288624,42.3758432
20.428976,42.3757472
20.4325376,42.3732032
20.4325392,42.3732
20.4325376,42.3732
20.4325344,42.3731968
20.4325888,42.373104
20.431864,42.37368
20.4318624,42.37368
20.4318352,42.3737024
20.4317872,42.3737312
20.4317696,42.373696
20.4317424,42.3737216
20.4317248,42.3737376
20.4317232,42.3737408
20.4317648,42.3738816
20.4317392,42.3738848
20.430072,42.3740704
20.4300688,42.3740576
20.430064,42.3740512
20.429936,42.3740224
20.4299856,42.3713024
20.4299824,42.3713024
20.430016,42.371344
20.430032,42.3712416
20.429992,42.3711968
20.4299968,42.3711808
20.4300704,42.370992
20.430072,42.370992
20.430144,42.3710016
20.4301568,42.3709184
20.4301584,42.370912
20.43016,42.37088
20.4301888,42.370784
20.4301904,42.370768
20.430208,42.3707072
20.4302144,42.3706656
20.4302192,42.3706464
20.4302208,42.3706432
20.4302272,42.370624
20.4302272,42.370624
20.430416,42.3701568
20.4304192,42.3701408
20.4305616,42.3699648
20.4305584,42.3699648
20.4305648,42.3699424
20.430584,42.3699072
20.4306176,42.36984
20.4306256,42.3698272
20.430672,42.3697632
20.430672,42.3697632
20.430816,42.3697504
20.4308432,42.3697472
20.4310976,42.3697312
20.4311008,42.3697312
20.4311936,42.369648
20.4312096,42.3696512
20.4314096,42.3696864
20.431416,42.369712
20.4315584,42.3697344
20.4329104,42.3698816
20.4340928,42.3700128
20.434096,42.3700128
20.434176,42.3700384
20.4342896,42.370048
20.4344496,42.3700576
20.4344544,42.3700576
20.4344576,42.3700256
20.4346544,42.370048
20.433832,42.3700384
20.4338288,42.3700384
20.4336944,42.3700224
20.4306624,42.3696416
20.4306624,42.3696416
20.4306176,42.3696544
20.4305472,42.369696
20.4305216,42.3697248
20.4305168,42.3697248
20.4305008,42.3697312
20.4305008,42.3697312
20.4304464,42.3697536
20.4303232,42.369808
20.4303248,42.3698112
20.430296,42.3698208
20.4302208,42.3698656
20.4303536,42.3703104
20.43036,42.3703008
20.4303648,42.370288
20.43036,42.3702976
20.4301456,42.3702656
20.4299296,42.37016
20.429928,42.3701632
20.4298912,42.3701632
20.4298016,42.3701056
20.4297776,42.3700896
20.4297776,42.3700896
20.42976,42.3700832
20.4296128,42.3701184
20.4291184,42.3704
20.4291216,42.3704
20.4290624,42.3703776
20.4290064,42.3704352
20.4290064,42.3704384
20.4290048,42.3704416
20.4289184,42.3705216
20.4288752,42.3705856
20.4288352,42.3706144
20.4287632,42.3706816
20.4287552,42.3706848
20.4286912,42.3707872
20.4286848,42.3707968
20.4286768,42.3708064
20.4286672,42.370816
20.4286416,42.370832
20.4285552,42.3708928
20.4285408,42.370896
20.4283216,42.371072
20.4283184,42.3710752
20.4283184,42.3710752
20.4282128,42.3711904
20.4281904,42.3712128
20.42852,42.3721536
20.4285216,42.3721504
20.4285216,42.372144
20.4285408,42.3720736
20.4286112,42.3717344
20.4286112,42.3717344
20.4285856,42.3719296
20.4285776,42.3720736
20.4285776,42.3720736
20.4285648,42.3721248
20.4285584,42.3721856
20.4289472,42.3726912
20.4289472,42.3726912
20.4289872,42.372704
20.4290672,42.3727296
20.4290928,42.3727424
20.4290944,42.3727424
20.4291088,42.3727296
20.4292304,42.3727936
20.4340624,42.370048
20.4340688,42.370048
20.43412,42.370064
20.4341696,42.370064
20.434192,42.370064
20.4346432,42.3701056
20.4346432,42.3701056
20.4346816,42.3700832
20.4348576,42.3701024
20.4531792,42.3738016
20.4531792,42.3738016
20.453216,42.3737984
20.4533232,42.3738048
20.4556864,42.3739936
20.4556864,42.3739936
20.4556864,42.3739936
20.4556832,42.3739904
20.4556832,42.3739904
20.4556832,42.3739904
20.4556752,42.3739936
20.4556752,42.3739936
20.4556752,42.3739936
20.4555296,42.3739808
20.4555296,42.3739808
20.4555168,42.3739776
20.4555168,42.3739776
20.4555168,42.3739776
20.4555056,42.3739776
20.4555056,42.3739776
20.4555056,42.3739776
20.4554768,42.3739776
20.4555088,42.3739808
20.4554944,42.373984
20.4556816,42.37392
20.4543136,42.3737216
20.4543136,42.3737216
20.45424,42.3737248
20.4541824,42.3737312
20.4490256,42.374016
20.4490256,42.374016
20.4490144,42.3740128
20.448904,42.3739712
20.4322384,42.3879424
20.4322352,42.3879456
20.4322336,42.387952
20.4322336,42.387952
20.4322144,42.387984
20.4321664,42.3880224
20.4270336,42.3889312
20.4270336,42.3889312
20.4270304,42.3889312
20.4268784,42.3888896
20.426872,42.3888896
20.4268208,42.3888736
20.4267392,42.3888544
20.4265632,42.3887776
20.4265616,42.3887776
20.4265536,42.388784
20.4265264,42.3888288
20.426432,42.3889088
20.4264416,42.3889152
20.4264432,42.3889184
20.4264432,42.3889184
20.42644,42.3889152
20.4264144,42.3888896
20.4264144,42.3888896
20.4264144,42.3888896
20.4264144,42.3888896
20.4264144,42.3888896
20.4264144,42.3888896
20.4264144,42.3888896
20.4264144,42.3888896
20.4264144,42.3888896
20.4264144,42.3888896
20.4264144,42.3888896
20.4264144,42.3888896
20.4264144,42.3888896
20.4264144,42.3888896
20.4264144,42.3888896
20.4264144,42.3888896
20.4264144,42.3888896
20.4264144,42.3888896
20.4264144,42.3888896
20.4264144,42.3888896
20.4264144,42.3888896
20.4264144,42.3888896
20.4264144,42.3888896
20.4264144,42.3888896
20.4264144,42.3888896
20.4264144,42.3888896
20.4264144,42.3888896
20.4264144,42.3888896
20.4264144,42.3888896
20.4264144,42.3888896
20.4264144,42.3888896
20.4264144,42.3888896
20.4264144,42.3888896
20.4264144,42.3888896
20.4264144,42.3888896
20.4264144,42.3888896
20.4264144,42.3888896
20.4264144,42.3888896
20.4264144,42.3888896
20.4264144,42.3888896
